crop_path,gt_raw,gt_norm,pred_raw,pred_norm,confidence,latency_ms,exact_match,norm_match,char_acc,cer
AN1_p1.jpg,AN01P9687,AN01P9687,AN01P9687,AN01P9687,0.9998,5416.997194290161,True,True,1.0,0.0
AN10_p1.jpg,AN01K9412,AN01K9412,AN01K9412,AN01K9412,0.9947,3138.9362812042236,True,True,1.0,0.0
AN2_p1.jpg,AN01D4163,AN01D4163,AN01D4163,AN01D4163,0.991,2913.566827774048,True,True,1.0,0.0
AN4_p1.jpg,AN01M4M,AN01M4M,AN01M4M,AN01M4M,0.9143,2555.0553798675537,True,True,1.0,0.0
AN5_p1.jpg,AN01L6155,AN01L6155,AN01L6155,AN01L6155,0.9979,2542.8452491760254,True,True,1.0,0.0
AN6_p1.jpg,AN01H1689,AN01H1689,AN01H1689,AN01H1689,0.9988,2448.4291076660156,True,True,1.0,0.0
AN7_p1.jpg,AN01H0908,AN01H0908,AN01H0908,AN01H0908,0.9988,2358.4847450256348,True,True,1.0,0.0
AP1_p1.jpg,AP05BY7799,AP05BY7799,AP05BY7799,AP05BY7799,0.9996,2432.9450130462646,True,True,1.0,0.0
AP10_p1.jpg,AP39E1493,AP39E1493,AP39E1493,AP39E1493,0.9999,2400.1715183258057,True,True,1.0,0.0
AP12_p1.jpg,AP310U7562,AP310U7562,AP31DU7562,AP31DU7562,0.9897,2511.230945587158,False,False,0.9,0.1
AP13_p1.jpg,AP39JJ5441,AP39JJ5441,AP39JJ5441,AP39JJ5441,0.9992,2282.8574180603027,True,True,1.0,0.0
AP14_p1.jpg,AP10AS3445,AP10AS3445,AP10AS3445,AP10AS3445,0.999,2329.5679092407227,True,True,1.0,0.0
AP15_p1.jpg,AP28AT5333,AP28AT5333,AP28AT5333,AP28AT5333,0.9427,2438.2786750793457,True,True,1.0,0.0
AP16_p1.jpg,AP39GR3492,AP39GR3492,AP39CR9492,AP39CR9492,0.9146,2302.9282093048096,False,False,0.8,0.2
AP17_p1.jpg,AP31TP2282,AP31TP2282,AP31TH2262,AP31TH2262,0.9243,2332.8850269317627,False,False,0.8,0.2
AP18_p1.jpg,AP16BS4500,AP16BS4500,AP16BS4500,AP16BS4500,0.9998,2301.4917373657227,True,True,1.0,0.0
AP19_p1.jpg,AP04M7627,AP04M7627,AP04M7627,AP04M7627,0.9914,2340.3234481811523,True,True,1.0,0.0
AP2_p1.jpg,AP07AN3915,AP07AN3915,AP07AN3915,AP07AN3915,0.949,2290.649652481079,True,True,1.0,0.0
AP20_p1.jpg,AP04AS8753,AP04AS8753,AP04AS8753,AP04AS8753,0.962,2698.502540588379,True,True,1.0,0.0
AP21_p1.jpg,AP31AT5064,AP31AT5064,AP31AT5064,AP31AT5064,0.9994,2310.3153705596924,True,True,1.0,0.0
AP22_p1.jpg,AP16CH9545,AP16CH9545,AP16CH9545,AP16CH9545,0.9999,2494.5743083953857,True,True,1.0,0.0
AP23_p1.jpg,AP39DL3537,AP39DL3537,AP39DL3537,AP39DL3537,0.9914,3001.643657684326,True,True,1.0,0.0
AP24_p1.jpg,AP07AD5555,AP07AD5555,AP07AD5555,AP07AD5555,0.998,2673.814296722412,True,True,1.0,0.0
AP25_p1.jpg,AP26AM1260,AP26AM1260,AP26AM1260,AP26AM1260,0.9999,2338.268280029297,True,True,1.0,0.0
AP26_p1.jpg,AP31BR9501,AP31BR9501,AP31BR9501,AP31BR9501,0.9999,2417.598009109497,True,True,1.0,0.0
AP27_p1.jpg,AP31EF1155,AP31EF1155,AP31EF1155,AP31EF1155,0.9998,2258.145332336426,True,True,1.0,0.0
AP29_p1.jpg,AP31DF2833,AP31DF2833,AP31DF8838,AP31DF8838,0.9439,2195.7526206970215,False,False,0.8,0.2
AP3_p1.jpg,AP2D4014,AP2D4014,AP32D1H131,AP32D1H131,0.5188,2451.902389526367,False,False,0.5,0.625
AP30_p1.jpg,AP31DT9378,AP31DT9378,AP31DT9378,AP31DT9378,1.0,2229.10737991333,True,True,1.0,0.0
AP33_p1.jpg,AP31DA0020,AP31DA0020,AP31DA0020,AP31DA0020,0.9993,2207.408905029297,True,True,1.0,0.0
AP34_p1.jpg,AP37EJ2277,AP37EJ2277,AP37EJ2277,AP37EJ2277,0.9989,2414.9255752563477,True,True,1.0,0.0
AP39_p1.jpg,AP05DY3395,AP05DY3395,AP05DY3395,AP05DY3395,0.9997,2247.523784637451,True,True,1.0,0.0
AP4_p1.jpg,AP39HZ0087,AP39HZ0087,AP39HZ0087,AP39HZ0087,0.9484,2192.6169395446777,True,True,1.0,0.0
AP40_p1.jpg,AP04BA4464,AP04BA4464,AP04BA4464,AP04BA4464,0.999,2317.793130874634,True,True,1.0,0.0
AP41_p1.jpg,AP5CG6320,AP5CG6320,AP5CG6320,AP5CG6320,0.9996,2216.548442840576,True,True,1.0,0.0
AP42_p1.jpg,AP31TV6847,AP31TV6847,AP31TY6347,AP31TY6347,0.9098,2235.727071762085,False,False,0.8,0.2
AP43_p1.jpg,AP31BG7827,AP31BG7827,AP31BG7827,AP31BG7827,0.9998,2199.9356746673584,True,True,1.0,0.0
AP44_p1.jpg,AP318L4935,AP318L4935,AP31BL4935,AP31BL4935,0.9865,2517.3840522766113,False,False,0.9,0.1
AP45_p1.jpg,AP31BL2833,AP31BL2833,AP31BL2833,AP31BL2833,0.9999,2290.4791831970215,True,True,1.0,0.0
AP46_p1.jpg,AP31CS2511,AP31CS2511,AP31CS2511,AP31CS2511,0.9982,2223.538637161255,True,True,1.0,0.0
AP5_p1.jpg,AP39TP0211,AP39TP0211,AP39TP0211,AP39TP0211,0.9526,2511.4541053771973,True,True,1.0,0.0
AP6_p1.jpg,AP31TV7236,AP31TV7236,AP31TV7236,AP31TV7236,0.9994,2702.1567821502686,True,True,1.0,0.0
AP7_p1.jpg,AP31BL8656,AP31BL8656,AP31BL8656,AP31BL8656,0.9999,2212.6216888427734,True,True,1.0,0.0
AP8_p1.jpg,AP16DP7065,AP16DP7065,AP16DP7065,AP16DP7065,0.9762,2256.3278675079346,True,True,1.0,0.0
AR1_p1.jpg,AR048395,AR048395,AR048395,AR048395,0.9995,2232.1410179138184,True,True,1.0,0.0
AR10_p1.jpg,AR152019,AR152019,AR152019,AR152019,0.9991,2356.044292449951,True,True,1.0,0.0
AR11_p1.jpg,AR01J0123,AR01J0123,AR01J0123,AR01J0123,0.9264,2199.8751163482666,True,True,1.0,0.0
AR12_p1.jpg,AR118724,AR118724,KA118724,KA118724,0.7756,2227.252244949341,False,False,0.875,0.125
AR13_p1.jpg,AR200692,AR200692,AR200692,AR200692,0.9984,2227.9539108276367,True,True,1.0,0.0
AR2_p1.jpg,AR01F2523,AR01F2523,AR01F2523,AR01F2523,0.9997,2237.6327514648438,True,True,1.0,0.0
AR3_p1.jpg,AR169723,AR169723,PH09PH23,PH09PH23,0.3885,2247.5080490112305,False,False,0.375,0.625
AR4_p1.jpg,AR01C5723,AR01C5723,AR01C5723,AR01C5723,0.9979,2399.533271789551,True,True,1.0,0.0
AR6_p1.jpg,AR168272,AR168272,AR168272,AR168272,0.9619,2237.6556396484375,True,True,1.0,0.0
AR7_p1.jpg,AR02A7116,AR02A7116,AR02A7116,AR02A7116,0.9995,2344.3586826324463,True,True,1.0,0.0
AR8_p1.jpg,AR08983,AR08983,AR08963,AR08963,0.9493,2428.6677837371826,False,False,0.8571428571428571,0.14285714285714285
AR9_p1.jpg,AR01E1034,AR01E1034,AR01E1034,AR01E1034,0.955,2557.57474899292,True,True,1.0,0.0
AS1_p1.jpg,AS23H2866,AS23H2866,AS23H2866,AS23H2866,0.9605,2379.6494007110596,True,True,1.0,0.0
AS10_p1.jpg,AS01DG6002,AS01DG6002,AS01DG6002,AS01DG6002,1.0,2237.638235092163,True,True,1.0,0.0
AS11_p1.jpg,AS01DS7523,AS01DS7523,AS01DS7523,AS01DS7523,0.9891,2328.5810947418213,True,True,1.0,0.0
AS13_p1.jpg,AS25S6858,AS25S6858,AS25S6858,AS25S6858,0.9624,2284.498691558838,True,True,1.0,0.0
AS14_p1.jpg,AS018P2415,AS018P2415,AS01BP2415,AS01BP2415,0.9986,2221.841335296631,False,False,0.9,0.1
AS15_p1.jpg,AS01BF9673,AS01BF9673,AS01BF9573,AS01BF9573,0.9432,2240.671396255493,False,False,0.9,0.1
AS16_p1.jpg,AS01AL3746,AS01AL3746,AS01AL3746,AS01AL3746,0.9915,2273.5626697540283,True,True,1.0,0.0
AS17_p1.jpg,AS01AR1986,AS01AR1986,AS01AR1986,AS01AR1986,0.9999,2260.6635093688965,True,True,1.0,0.0
AS18_p1.jpg,AS04P4549,AS04P4549,AS04P4549,AS04P4549,0.944,2236.9027137756348,True,True,1.0,0.0
AS19_p1.jpg,AS06U1295,AS06U1295,AS06U1295,AS06U1295,0.9514,2203.0131816864014,True,True,1.0,0.0
AS2_p1.jpg,AS07AC6653,AS07AC6653,AS07AC6653,AS07AC6653,0.9999,2221.1365699768066,True,True,1.0,0.0
AS20_p1.jpg,AS01AT8119,AS01AT8119,AS01AT8119,AS01AT8119,0.9728,2229.9141883850098,True,True,1.0,0.0
AS21_p1.jpg,AS23X5585,AS23X5585,AS23X5585,AS23X5585,0.9882,2172.4483966827393,True,True,1.0,0.0
AS22_p1.jpg,AS01AN8668,AS01AN8668,AS01AN8668,AS01AN8668,0.9998,2209.6872329711914,True,True,1.0,0.0
AS23_p1.jpg,AS19D9919,AS19D9919,AS19D9919,AS19D9919,0.9301,2235.8317375183105,True,True,1.0,0.0
AS24_p1.jpg,AS23G2612,AS23G2612,AS23G2612,AS23G2612,0.9992,2220.6814289093018,True,True,1.0,0.0
AS25_p1.jpg,AS01BS4362,AS01BS4362,AS01BS4362,AS01BS4362,0.9997,2206.3231468200684,True,True,1.0,0.0
AS26_p1.jpg,AS06Z0841,AS06Z0841,AS06Z0841,AS06Z0841,0.9444,2264.9428844451904,True,True,1.0,0.0
AS3_p1.jpg,AS23E0596,AS23E0596,AS23E0596,AS23E0596,0.9481,2236.510753631592,True,True,1.0,0.0
AS5_p1.jpg,AS23H0770,AS23H0770,AS23H0770,AS23H0770,0.9987,2234.4584465026855,True,True,1.0,0.0
AS6_p1.jpg,AS12S6951,AS12S6951,AS12S6951,AS12S6951,0.9588,2192.9447650909424,True,True,1.0,0.0
AS7_p1.jpg,AS06Q4437,AS06Q4437,AS0604437,AS0604437,0.9372,2181.729793548584,False,False,0.8888888888888888,0.1111111111111111
AS8_p1.jpg,AS01AM1419,AS01AM1419,AS01AM1419,AS01AM1419,0.9975,2257.1964263916016,True,True,1.0,0.0
AS9_p1.jpg,AS04X2780,AS04X2780,AS04X2780,AS04X2780,0.9999,2179.7897815704346,True,True,1.0,0.0
BR10_p1.jpg,BR32PA6558,BR32PA6558,BR32PA6558,BR32PA6558,0.999,2233.721971511841,True,True,1.0,0.0
BR11_p1.jpg,BR02AF7424,BR02AF7424,BR02AF7424,BR02AF7424,0.9999,2210.463762283325,True,True,1.0,0.0
BR12_p1.jpg,BR03PA3803,BR03PA3803,MR03PA3803,MR03PA3803,0.8667,2333.951473236084,False,False,0.9,0.1
BR13_p1.jpg,BR01PL7594,BR01PL7594,BR01PL7594,BR01PL7594,0.9999,2316.7569637298584,True,True,1.0,0.0
BR14_p1.jpg,BR01BL6628,BR01BL6628,MH01L668JH8,MH01L668JH8,0.7768,2233.989715576172,False,False,0.5454545454545454,0.5
BR15_p1.jpg,BR01BR5435,BR01BR5435,BR01BR543,BR01BR543,0.9614,2208.1847190856934,False,False,0.9,0.1
BR16_p1.jpg,BR33M0001,BR33M0001,BR33M0001,BR33M0001,0.9999,2192.714214324951,True,True,1.0,0.0
BR17_p1.jpg,BF06P00006,BF06P00006,BR06PD0006,BR06PD0006,0.9787,2203.061819076538,False,False,0.8,0.2
BR18_p1.jpg,BR01BD5042,BR01BD5042,BR01BD5042,BR01BD5042,0.9792,2243.1533336639404,True,True,1.0,0.0
BR3_p1.jpg,BR01AZ6290,BR01AZ6290,BR01AZ8290,BR01AZ8290,0.9347,2245.291233062744,False,False,0.9,0.1
BR4_p1.jpg,BR06U2470,BR06U2470,BR06U2470,BR06U2470,1.0,2237.8766536712646,True,True,1.0,0.0
BR5_p1.jpg,BR01BE0777,BR01BE0777,BR01BE0777,BR01BE0777,1.0,2272.7582454681396,True,True,1.0,0.0
BR6_p1.jpg,BR7P3952,BR7P3952,BR7P3952,BR7P3952,0.989,2306.908130645752,True,True,1.0,0.0
BR7_p1.jpg,BR44E1206,BR44E1206,HR14R1206,HR14R1206,0.8852,2277.818441390991,False,False,0.6666666666666666,0.3333333333333333
BR8_p1.jpg,BR01DG6692,BR01DG6692,BR01DG6692,BR01DG6692,0.9976,2258.8253021240234,True,True,1.0,0.0
BR9_p1.jpg,BR01AW1250,BR01AW1250,BR01AW1250,BR01AW1250,0.9598,2189.9383068084717,True,True,1.0,0.0
CG1_p1.jpg,CG04HD6930,CG04HD6930,CG04HD6930,CG04HD6930,1.0,2307.633876800537,True,True,1.0,0.0
CG10_p1.jpg,CG22H7740,CG22H7740,CG22H7740,CG22H7740,0.9897,2219.836711883545,True,True,1.0,0.0
CG11_p1.jpg,CG04HA4553,CG04HA4553,CG04MM4555,CG04MM4555,0.8726,2209.486961364746,False,False,0.7,0.3
CG12_p1.jpg,CG12AG1130,CG12AG1130,CG12AG1130,CG12AG1130,0.9814,2184.4773292541504,True,True,1.0,0.0
CG13_p1.jpg,CG16B1802,CG16B1802,CG16B1802,CG16B1802,0.9867,2212.6734256744385,True,True,1.0,0.0
CG14_p1.jpg,CG09JA2359,CG09JA2359,CA09JA2359,CA09JA2359,0.8873,2280.771255493164,False,False,0.9,0.1
CG15_p1.jpg,CG07BR3255,CG07BR3255,CG07BR3255,CG07BR3255,0.9998,2254.9474239349365,True,True,1.0,0.0
CG16_p1.jpg,CG07R2684,CG07R2684,C07M2611,C07M2611,0.8319,2209.5518112182617,False,False,0.5555555555555556,0.4444444444444444
CG17_p1.jpg,CG07MA2529,CG07MA2529,CG07MA2529,CG07MA2529,0.9528,2239.2189502716064,True,True,1.0,0.0
CG18_p1.jpg,CG07CA7784,CG07CA7784,CG07CA7784,CG07CA7784,0.9997,2245.210647583008,True,True,1.0,0.0
CG19_p1.jpg,CG07MA7848,CG07MA7848,CG07MA7848,CG07MA7848,0.9998,2225.5337238311768,True,True,1.0,0.0
CG20_p1.jpg,CG251612,CG251612,CG02B1612,CG02B1612,0.866,2202.9166221618652,False,False,0.7777777777777778,0.25
CG21_p1.jpg,CG04FJ5834,CG04FJ5834,CG04FJ5894,CG04FJ5894,0.9939,2275.308609008789,False,False,0.9,0.1
CG22_p1.jpg,CG13AE4060,CG13AE4060,CG13AE4060,CG13AE4060,0.9997,2253.72052192688,True,True,1.0,0.0
CG4_p1.jpg,CG04HV7009,CG04HV7009,CG04HV7009,CG04HV7009,0.9978,2233.619451522827,True,True,1.0,0.0
CG6_p1.jpg,CG22AB1111,CG22AB1111,CG22AB131,CG22AB131,0.9284,2265.4106616973877,False,False,0.8,0.2
CG7_p1.jpg,CG08K2057,CG08K2057,CB08K2057,CB08K2057,0.9263,2287.3973846435547,False,False,0.8888888888888888,0.1111111111111111
CG8_p1.jpg,CG04H5060,CG04H5060,CG04H5060,CG04H5060,1.0,2274.3563652038574,True,True,1.0,0.0
CG9_p1.jpg,CG04HC4887,CG04HC4887,CG04HC4887,CG04HC4887,0.9676,2304.408073425293,True,True,1.0,0.0
CH1_p1.jpg,CH01BQ5604,CH01BQ5604,MH01Q5,MH01Q5,0.6023,2211.3187313079834,False,False,0.5,0.5
CH10_p1.jpg,CH01AB4559,CH01AB4559,CH01AB4559,CH01AB4559,0.9999,2232.879877090454,True,True,1.0,0.0
CH2_p1.jpg,CH01BL3528,CH01BL3528,CH01BL3528,CH01BL3528,0.9534,2253.1521320343018,True,True,1.0,0.0
CH3_p1.jpg,CH03K7672,CH03K7672,CH03K7672,CH03K7672,0.9999,2222.062587738037,True,True,1.0,0.0
CH4_p1.jpg,CH01AX9090,CH01AX9090,CH01AX9090,CH01AX9090,1.0,2288.7892723083496,True,True,1.0,0.0
CH5_p1.jpg,CH01AP4538,CH01AP4538,CH01AP4538,CH01AP4538,0.9999,2231.837034225464,True,True,1.0,0.0
CH6_p1.jpg,CH01AZ2642,CH01AZ2642,CH01AZ2642,CH01AZ2642,0.9999,2269.9246406555176,True,True,1.0,0.0
CH7_p1.jpg,CH01AL4920,CH01AL4920,CH01AL4920,CH01AL4920,0.9232,2214.2419815063477,True,True,1.0,0.0
CH8_p1.jpg,CH01A09331,CH01A09331,CH01AD9331,CH01AD9331,0.9642,2233.7021827697754,False,False,0.9,0.1
CH9_p1.jpg,CH01AF1382,CH01AF1382,CH01AF1382,CH01AF1382,0.9996,2302.795648574829,True,True,1.0,0.0
DL1_p1.jpg,DL6CJ8404,DL6CJ8404,DL6CJ8404,DL6CJ8404,0.9884,2307.725191116333,True,True,1.0,0.0
DL10_p1.jpg,DL9CAE1359,DL9CAE1359,DL9CAE1359,DL9CAE1359,0.9608,2192.3673152923584,True,True,1.0,0.0
DL11_p1.jpg,DL9CAP8884,DL9CAP8884,DL9CAP8884,DL9CAP8884,1.0,2271.266460418701,True,True,1.0,0.0
DL12_p1.jpg,DL5CH7599,DL5CH7599,DL5CH7599,DL5CH7599,0.9997,2229.904890060425,True,True,1.0,0.0
DL13_p1.jpg,DL12CJ9823,DL12CJ9823,DL12CJ9823,DL12CJ9823,1.0,2222.7416038513184,True,True,1.0,0.0
DL14_p1.jpg,DL9CAU4743,DL9CAU4743,DL9CAU4743,DL9CAU4743,1.0,2292.1502590179443,True,True,1.0,0.0
DL15_p1.jpg,DL8CZ7230,DL8CZ7230,DL8CZ7230,DL8CZ7230,1.0,2244.788646697998,True,True,1.0,0.0
DL16_p1.jpg,DL9CAV1739,DL9CAV1739,DL9CAV1739,DL9CAV1739,1.0,2250.457525253296,True,True,1.0,0.0
DL18_p1.jpg,DL1CS8739,DL1CS8739,DL1CS8739,DL1CS8739,0.9998,2229.457139968872,True,True,1.0,0.0
DL19_p1.jpg,DL1CT2782,DL1CT2782,DL1CT2782,DL1CT2782,0.9994,2213.3824825286865,True,True,1.0,0.0
DL2_p1.jpg,DL6CR7002,DL6CR7002,DL6CR7002,DL6CR7002,1.0,2228.8267612457275,True,True,1.0,0.0
DL20_p1.jpg,DL12CL2555,DL12CL2555,DL12CL2555,DL12CL2555,1.0,2247.1554279327393,True,True,1.0,0.0
DL21_p1.jpg,DL12CS7886,DL12CS7886,DL12CS7886,DL12CS7886,0.9999,2256.6137313842773,True,True,1.0,0.0
DL22_p1.jpg,DL6CL0457,DL6CL0457,DL6CL0457,DL6CL0457,0.993,2233.1702709198,True,True,1.0,0.0
DL23_p1.jpg,DL2CAX2886,DL2CAX2886,DL2CAX2886,DL2CAX2886,0.9998,2271.40212059021,True,True,1.0,0.0
DL24_p1.jpg,DL3CCK8019,DL3CCK8019,DL3CCK8019,DL3CCK8019,0.9943,2272.9344367980957,True,True,1.0,0.0
DL25_p1.jpg,DL9C0S1537,DL9C0S1537,DL9CDS1537L,DL9CDS1537L,0.893,2259.822130203247,False,False,0.8181818181818182,0.2
DL26_p1.jpg,DL11CA4900,DL11CA4900,DL11CA4900,DL11CA4900,0.9704,2239.7100925445557,True,True,1.0,0.0
DL27_p1.jpg,DL10CA0986,DL10CA0986,DL10CA0986,DL10CA0986,0.9495,2301.1393547058105,True,True,1.0,0.0
DL28_p1.jpg,DL40NA7238,DL40NA7238,DL4CNA723,DL4CNA723,0.9753,2260.216236114502,False,False,0.8,0.2
DL29_p1.jpg,DL8CAL4134,DL8CAL4134,DL8CAL4134,DL8CAL4134,1.0,2270.0319290161133,True,True,1.0,0.0
DL3_p1.jpg,DL8CAU6883,DL8CAU6883,DL8CAU6883,DL8CAU6883,0.9958,2206.0189247131348,True,True,1.0,0.0
DL30_p1.jpg,DL10C05520,DL10C05520,DL10CD5520,DL10CD5520,0.9682,2245.3761100769043,False,False,0.9,0.1
DL31_p1.jpg,DL8CNA1596,DL8CNA1596,DL8CN4057,DL8CN4057,0.7882,2216.603994369507,False,False,0.6,0.4
DL32_p1.jpg,DL2CAR0108,DL2CAR0108,DL2CAR0108,DL2CAR0108,0.9983,2239.6678924560547,True,True,1.0,0.0
DL33_p1.jpg,DL4CNA7231,DL4CNA7231,DL4CNA7231,DL4CNA7231,1.0,2203.739881515503,True,True,1.0,0.0
DL34_p1.jpg,DL8CNA5085,DL8CNA5085,DL8CNA508,DL8CNA508,0.9973,2266.451597213745,False,False,0.9,0.1
DL35_p1.jpg,DL3CBS5881,DL3CBS5881,DL3CBS5881,DL3CBS5881,1.0,2177.774429321289,True,True,1.0,0.0
DL38_p1.jpg,DL4CAQ3231,DL4CAQ3231,DL4CAQ3231,DL4CAQ3231,0.9981,2171.2753772735596,True,True,1.0,0.0
DL4_p1.jpg,DL9CAU5573,DL9CAU5573,DL9CAU5573,DL9CAU5573,0.9874,2236.6979122161865,True,True,1.0,0.0
DL5_p1.jpg,DL12CN8660,DL12CN8660,DL12CN8660,DL12CN8660,1.0,2254.1046142578125,True,True,1.0,0.0
DL6_p1.jpg,DL4CAM9066,DL4CAM9066,DL4CAM9066,DL4CAM9066,1.0,2260.5674266815186,True,True,1.0,0.0
DL7_p1.jpg,DL12CK8643,DL12CK8643,DL12CK8643,DL12CK8643,1.0,2190.927743911743,True,True,1.0,0.0
DL8_p1.jpg,DL10CH1252,DL10CH1252,DL10CH1252,DL10CH1252,0.9927,2182.6417446136475,True,True,1.0,0.0
DL9_p1.jpg,DL2CH8634,DL2CH8634,DL2CH8634,DL2CH8634,0.9928,2233.27374458313,True,True,1.0,0.0
DN1_p1.jpg,DN09H2191,DN09H2191,DN09H2191,DN09H2191,0.9993,2232.1231365203857,True,True,1.0,0.0
DN2_p1.jpg,DN09J1548,DN09J1548,DN09J1548,DN09J1548,0.9904,2224.1718769073486,True,True,1.0,0.0
DN3_p1.jpg,DN09H0968,DN09H0968,DN09H0968,DN09H0968,1.0,2260.1065635681152,True,True,1.0,0.0
DN4_p1.jpg,DN09J0032,DN09J0032,DN09J0032,DN09J0032,0.9801,2231.3265800476074,True,True,1.0,0.0
DN5_p1.jpg,DN09D2724,DN09D2724,DN09D2724,DN09D2724,1.0,2268.369197845459,True,True,1.0,0.0
DN6_p1.jpg,DN0901438,DN0901438,DN09D1438,DN09D1438,0.9993,2245.372533798218,False,False,0.8888888888888888,0.1111111111111111
DN7_p1.jpg,DN0909704,DN0909704,DN09Q9704,DN09Q9704,0.9875,2217.385768890381,False,False,0.8888888888888888,0.1111111111111111
DN8_p1.jpg,DN09C0868,DN09C0868,DN09C0868,DN09C0868,1.0,2227.6458740234375,True,True,1.0,0.0
GA1_p1.jpg,GA03R9230,GA03R9230,GA03R9230,GA03R9230,0.9901,2247.8768825531006,True,True,1.0,0.0
GA10_p1.jpg,GA01R6315,GA01R6315,GA01R6315,GA01R6315,1.0,2196.4235305786133,True,True,1.0,0.0
GA11_p1.jpg,GA03P2839,GA03P2839,GA03P2839,GA03P2839,0.9189,2250.3905296325684,True,True,1.0,0.0
GA12_p1.jpg,GA03Y9512,GA03Y9512,GA03Y9512,GA03Y9512,0.9997,2221.8382358551025,True,True,1.0,0.0
GA13_p1.jpg,GA07K6090,GA07K6090,GA07K6090,GA07K6090,0.9998,2256.519079208374,True,True,1.0,0.0
GA2_p1.jpg,GA08M0184,GA08M0184,GA08M0184,GA08M0184,0.9992,2220.402956008911,True,True,1.0,0.0
GA3_p1.jpg,GA01S5594,GA01S5594,UHNREA5594,UHNREA5594,0.4387,2231.248378753662,False,False,0.5,0.5555555555555556
GA4_p1.jpg,GA01C2098,GA01C2098,GA01C2098,GA01C2098,0.9925,2195.7783699035645,True,True,1.0,0.0
GA5_p1.jpg,GA01E5947,GA01E5947,GA01E5947,GA01E5947,1.0,2240.1084899902344,True,True,1.0,0.0
GA6_p1.jpg,GA02J2129,GA02J2129,GA02J2129,GA02J2129,0.9762,2236.2921237945557,True,True,1.0,0.0
GA7_p1.jpg,GA07K7150,GA07K7150,GA07K7150,GA07K7150,0.9612,2259.1333389282227,True,True,1.0,0.0
GA8_p1.jpg,GA05B5077,GA05B5077,GA05B5077,GA05B5077,0.9994,2281.8732261657715,True,True,1.0,0.0
GA9_p1.jpg,GA06E3855,GA06E3855,GA06E3855,GA06E3855,0.9998,2231.5075397491455,True,True,1.0,0.0
GJ1_p1.jpg,GJ7AG4373,GJ7AG4373,GJ74AG43J,GJ74AG43J,0.8176,2209.320306777954,False,False,0.7777777777777778,0.2222222222222222
GJ10_p1.jpg,GJ01RA8370,GJ01RA8370,GJ01RA8370,GJ01RA8370,0.9986,2246.0436820983887,True,True,1.0,0.0
GJ11_p1.jpg,GJ06HS1855,GJ06HS1855,GJ06HS1855,GJ06HS1855,1.0,2231.6811084747314,True,True,1.0,0.0
GJ12_p1.jpg,GJ06PA0097,GJ06PA0097,GJ06PA0097,GJ06PA0097,1.0,2186.6414546966553,True,True,1.0,0.0
GJ13_p1.jpg,GJ06KP8508,GJ06KP8508,GJ06KP8508,GJ06KP8508,0.9999,2189.892292022705,True,True,1.0,0.0
GJ14_p1.jpg,GJ06DG9355,GJ06DG9355,GJ06DG9355,GJ06DG9355,1.0,2207.2064876556396,True,True,1.0,0.0
GJ15_p1.jpg,GJ01HS1902,GJ01HS1902,GJ01HS1902,GJ01HS1902,1.0,2201.188802719116,True,True,1.0,0.0
GJ16_p1.jpg,GJ01KC9959,GJ01KC9959,GJ01KC9959,GJ01KC9959,1.0,2207.606792449951,True,True,1.0,0.0
GJ17_p1.jpg,GJ06DQ3712,GJ06DQ3712,GJ06DQ3712,GJ06DQ3712,0.9936,2214.18833732605,True,True,1.0,0.0
GJ18_p1.jpg,GJ01RN4259,GJ01RN4259,GJ01RN4259,GJ01RN4259,0.9956,2229.665517807007,True,True,1.0,0.0
GJ2_p1.jpg,GJ15CB3980,GJ15CB3980,GJ15CB3980,GJ15CB3980,1.0,2228.5895347595215,True,True,1.0,0.0
GJ20_p1.jpg,GJ01RK2430,GJ01RK2430,GJ01RK2430,GJ01RK2430,0.9965,2284.1179370880127,True,True,1.0,0.0
GJ21_p1.jpg,GJ12CG2526,GJ12CG2526,GJ12CG2526,GJ12CG2526,1.0,2252.426862716675,True,True,1.0,0.0
GJ22_p1.jpg,GJ18BD5216,GJ18BD5216,GJ18BD5216,GJ18BD5216,0.9993,2254.84299659729,True,True,1.0,0.0
GJ23_p1.jpg,GJ01RS0198,GJ01RS0198,GJ01RS0198,GJ01RS0198,0.9711,2227.3573875427246,True,True,1.0,0.0
GJ24_p1.jpg,GJ23CC8798,GJ23CC8798,GJ23CC8798,GJ23CC8798,0.9999,2237.1349334716797,True,True,1.0,0.0
GJ25_p1.jpg,GJ01HM5887,GJ01HM5887,GJ01HM5887,GJ01HM5887,1.0,2223.2840061187744,True,True,1.0,0.0
GJ26_p1.jpg,GJ09AG8384,GJ09AG8384,GJ09AG8384,GJ09AG8384,0.9994,2241.9955730438232,True,True,1.0,0.0
GJ27_p1.jpg,GJ18BK6705,GJ18BK6705,GJ18BK6705,GJ18BK6705,0.9843,2271.9523906707764,True,True,1.0,0.0
GJ28_p1.jpg,GJ05JB6589,GJ05JB6589,GJ05JB6589,GJ05JB6589,0.9893,2209.324359893799,True,True,1.0,0.0
GJ29_p1.jpg,GJ01RM3413,GJ01RM3413,GJ01RM3413,GJ01RM3413,0.9946,2250.9171962738037,True,True,1.0,0.0
GJ4_p1.jpg,GJ06JE4788,GJ06JE4788,GJ06JE4788,GJ06JE4788,0.9964,2230.0844192504883,True,True,1.0,0.0
GJ5_p1.jpg,GJ1SCG7928,GJ1SCG7928,GJ15CG7928,GJ15CG7928,0.9818,2230.6129932403564,False,False,0.9,0.1
GJ6_p1.jpg,GJ06FK2977,GJ06FK2977,GJ06FK2977,GJ06FK2977,1.0,2237.2395992279053,True,True,1.0,0.0
GJ7_p1.jpg,GJ34B9811,GJ34B9811,GJ34B9811,GJ34B9811,0.9604,2211.0683917999268,True,True,1.0,0.0
GJ8_p1.jpg,GJ16CH9827,GJ16CH9827,GJ16CH9827,GJ16CH9827,1.0,2240.0238513946533,True,True,1.0,0.0
GJ9_p1.jpg,GJ05RE8119,GJ05RE8119,GJ05RE8119,GJ05RE8119,0.9975,2226.848840713501,True,True,1.0,0.0
HP1_p1.jpg,HP12H1324,HP12H1324,HP12H1324,HP12H1324,0.9997,2200.7713317871094,True,True,1.0,0.0
HP10_p1.jpg,HP52B5958,HP52B5958,HP52B5958,HP52B5958,0.9998,2248.8038539886475,True,True,1.0,0.0
HP11_p1.jpg,HP12H7917,HP12H7917,HP12H7917,HP12H7917,0.999,2220.903158187866,True,True,1.0,0.0
HP12_p1.jpg,HP36E3330,HP36E3330,HP36E3330,HP36E3330,0.9903,2204.3352127075195,True,True,1.0,0.0
HP13_p1.jpg,HP34C8986,HP34C8986,HP34C8986,HP34C8986,0.9999,2254.375696182251,True,True,1.0,0.0
HP14_p1.jpg,HP3SG1539,HP3SG1539,HR3EGD539,HR3EGD539,0.5055,2247.2586631774902,False,False,0.6666666666666666,0.3333333333333333
HP15_p1.jpg,HP22E8000,HP22E8000,HP22E8000,HP22E8000,0.9999,2279.447555541992,True,True,1.0,0.0
HP16_p1.jpg,HP302165,HP302165,HP302165,HP302165,0.9908,2289.619207382202,True,True,1.0,0.0
HP17_p1.jpg,HP20E3953,HP20E3953,HP20E3953,HP20E3953,0.9999,2201.901435852051,True,True,1.0,0.0
HP18_p1.jpg,HP24C8D32,HP24C8D32,HP24C8032,HP24C8032,0.9354,2258.6381435394287,False,False,0.8888888888888888,0.1111111111111111
HP19_p1.jpg,HP54C6564,HP54C6564,HP54C6564,HP54C6564,0.9996,2219.3379402160645,True,True,1.0,0.0
HP2_p1.jpg,HP16A2014,HP16A2014,HP16A2014,HP16A2014,0.9999,2257.094144821167,True,True,1.0,0.0
HP20_p1.jpg,HP2020TR6255G,HP2020TR6255G,MP05TR62550,MP05TR62550,0.6984,2248.166799545288,False,False,0.6153846153846154,0.38461538461538464
HP21_p1.jpg,HP40B8992,HP40B8992,HP40B8992,HP40B8992,0.9972,2283.127546310425,True,True,1.0,0.0
HP22_p1.jpg,HP64B3380,HP64B3380,HP64B3380,HP64B3380,0.9999,2329.0889263153076,True,True,1.0,0.0
HP3_p1.jpg,HP666807,HP666807,HP666807,HP666807,1.0,2210.2105617523193,True,True,1.0,0.0
HP4_p1.jpg,HP48B2252,HP48B2252,HP48B2252,HP48B2252,0.998,2253.80539894104,True,True,1.0,0.0
HP5_p1.jpg,HP01N0304,HP01N0304,HP01N0304,HP01N0304,0.9991,2269.171714782715,True,True,1.0,0.0
HP6_p1.jpg,HP01A7630,HP01A7630,HP01A7630,HP01A7630,0.9813,2233.0729961395264,True,True,1.0,0.0
HP7_p1.jpg,HP12C3766,HP12C3766,HP12C3766,HP12C3766,0.9999,2173.603296279907,True,True,1.0,0.0
HP8_p1.jpg,HP719898,HP719898,HP719898,HP719898,0.9999,2208.8582515716553,True,True,1.0,0.0
HP9_p1.jpg,HP23A6365,HP23A6365,HP23A6365,HP23A6365,0.9998,2252.570152282715,True,True,1.0,0.0
HR1_p1.jpg,HR26BQ8176,HR26BQ8176,HR26BQ8176,HR26BQ8176,0.9995,2198.36163520813,True,True,1.0,0.0
HR10_p1.jpg,HR26BY4812,HR26BY4812,HR26BY4812,HR26BY4812,1.0,2243.5007095336914,True,True,1.0,0.0
HR11_p1.jpg,HR01H4731,HR01H4731,HR01H4731,HR01H4731,0.9954,2213.608741760254,True,True,1.0,0.0
HR12_p1.jpg,HR29R9466,HR29R9466,HR29R9466,HR29R9466,0.9709,2227.0379066467285,True,True,1.0,0.0
HR13_p1.jpg,HR51AQ0911,HR51AQ0911,HR51AQ0911,HR51AQ0911,0.9589,2165.9414768218994,True,True,1.0,0.0
HR14_p1.jpg,HR51BU8218,HR51BU8218,HR51BU8218,HR51BU8218,1.0,2203.9949893951416,True,True,1.0,0.0
HR15_p1.jpg,HR29K7840,HR29K7840,HR29K7840,HR29K7840,0.9718,2272.6097106933594,True,True,1.0,0.0
HR16_p1.jpg,HR56B2626,HR56B2626,HR56B2628,HR56B2628,0.9412,2175.902843475342,False,False,0.8888888888888888,0.1111111111111111
HR17_p1.jpg,HR26BK8597,HR26BK8597,HR26BK8597,HR26BK8597,1.0,2267.642021179199,True,True,1.0,0.0
HR18_p1.jpg,HR26DM2296,HR26DM2296,HR26DM2296,HR26DM2296,0.9808,2234.7018718719482,True,True,1.0,0.0
HR19_p1.jpg,HR29AQ4939,HR29AQ4939,HR29AQ4939,HR29AQ4939,0.9997,2259.610652923584,True,True,1.0,0.0
HR2_p1.jpg,HR71F9259,HR71F9259,HR71F9259,HR71F9259,0.9999,2242.3486709594727,True,True,1.0,0.0
HR20_p1.jpg,HR26EJ7668,HR26EJ7668,HR26EJ7668,HR26EJ7668,1.0,2258.385181427002,True,True,1.0,0.0
HR21_p1.jpg,HR4281329,HR4281329,HR47B1329,HR47B1329,0.9905,2260.5531215667725,False,False,0.7777777777777778,0.2222222222222222
HR22_p1.jpg,HR09G8378,HR09G8378,HR09G8378,HR09G8378,0.9954,2239.795207977295,True,True,1.0,0.0
HR3_p1.jpg,HR29W8286,HR29W8286,HR29V8286,HR29V8286,0.9791,2230.2956581115723,False,False,0.8888888888888888,0.1111111111111111
HR4_p1.jpg,HR10AE9885,HR10AE9885,HR10AE9885,HR10AE9885,1.0,2288.433074951172,True,True,1.0,0.0
HR5_p1.jpg,HR26CC7676,HR26CC7676,HR26CC7676,HR26CC7676,1.0,2247.581720352173,True,True,1.0,0.0
HR6_p1.jpg,HR26DJ8832,HR26DJ8832,HR26DJ8832,HR26DJ8832,1.0,2256.6730976104736,True,True,1.0,0.0
HR7_p1.jpg,HR01W0080,HR01W0080,HR01W0080,HR01W0080,0.9988,2242.431163787842,True,True,1.0,0.0
HR8_p1.jpg,HR20X8432,HR20X8432,HR20X8432,HR20X8432,1.0,2238.0733489990234,True,True,1.0,0.0
HR9_p1.jpg,HR29AS0015,HR29AS0015,HR29AS0015,HR29AS0015,0.9984,2296.02313041687,True,True,1.0,0.0
JH1_p1.jpg,JH01Z3792,JH01Z3792,JH01Z3792,JH01Z3792,0.9987,2282.7372550964355,True,True,1.0,0.0
JH10_p1.jpg,JH02AD2533,JH02AD2533,JH02AD2533,JH02AD2533,0.9978,2269.7248458862305,True,True,1.0,0.0
JH11_p1.jpg,JH01BC5210,JH01BC5210,JH01BC5210,JH01BC5210,1.0,2298.9799976348877,True,True,1.0,0.0
JH12_p1.jpg,JH01AX5392,JH01AX5392,JH01AX5392,JH01AX5392,0.9996,2237.0476722717285,True,True,1.0,0.0
JH13_p1.jpg,JH01AM2354,JH01AM2354,JH01AM2354,JH01AM2354,0.9975,2223.487377166748,True,True,1.0,0.0
JH14_p1.jpg,JH10BV1496,JH10BV1496,JH10BV1496,JH10BV1496,0.9999,2239.903211593628,True,True,1.0,0.0
JH15_p1.jpg,JH08C0625,JH08C0625,JH08C0625,JH08C0625,0.9999,2240.431308746338,True,True,1.0,0.0
JH16_p1.jpg,JH10S5378,JH10S5378,JH10S5378,JH10S5378,0.9785,2354.4442653656006,True,True,1.0,0.0
JH17_p1.jpg,JH01AR2011,JH01AR2011,JH01AR2011,JH01AR2011,0.9835,2245.312213897705,True,True,1.0,0.0
JH18_p1.jpg,JH05S3291,JH05S3291,CH05S3291,CH05S3291,0.9401,2206.3844203948975,False,False,0.8888888888888888,0.1111111111111111
JH19_p1.jpg,JH05Y9636,JH05Y9636,JH05Y0636,JH05Y0636,0.8635,2251.1870861053467,False,False,0.8888888888888888,0.1111111111111111
JH2_p1.jpg,JH01AM0100,JH01AM0100,JH01AM0100,JH01AM0100,0.9552,2249.6085166931152,True,True,1.0,0.0
JH3_p1.jpg,JH01DB1881,JH01DB1881,JH01DB1881,JH01DB1881,1.0,2197.230339050293,True,True,1.0,0.0
JH5_p1.jpg,JH09AA2570,JH09AA2570,JH09AA2570,JH09AA2570,0.9615,2249.579668045044,True,True,1.0,0.0
JH6_p1.jpg,JH02AH0750,JH02AH0750,JH02AH0750,JH02AH0750,0.9963,2272.2678184509277,True,True,1.0,0.0
JH7_p1.jpg,JH01BX0013,JH01BX0013,JH01BX0013,JH01BX0013,0.9998,2251.8856525421143,True,True,1.0,0.0
JH8_p1.jpg,JH04C7104,JH04C7104,JH04C7104,JH04C7104,0.9565,2241.21356010437,True,True,1.0,0.0
JH9_p1.jpg,JH01BU9956,JH01BU9956,JH01BU9956,JH01BU9956,0.938,2293.2913303375244,True,True,1.0,0.0
JK1_p1.jpg,JK02BF5058,JK02BF5058,JK02BF5058,JK02BF5058,0.9998,2238.7263774871826,True,True,1.0,0.0
JK10_p1.jpg,JK02AK8967,JK02AK8967,JK02AK8967,JK02AK8967,0.9998,2277.5375843048096,True,True,1.0,0.0
JK11_p1.jpg,JK03D7750,JK03D7750,JH03D7750,JH03D7750,0.941,2244.52805519104,False,False,0.8888888888888888,0.1111111111111111
JK12_p1.jpg,JK01AD3147,JK01AD3147,JK01AD3147,JK01AD3147,0.9998,2285.7959270477295,True,True,1.0,0.0
JK13_p1.jpg,JK01AF7715,JK01AF7715,JK01AF7715,JK01AF7715,0.9999,2233.8316440582275,True,True,1.0,0.0
JK14_p1.jpg,JK11D8143,JK11D8143,JK11D8143,JK11D8143,0.9999,2224.6382236480713,True,True,1.0,0.0
JK15_p1.jpg,JK02AJ1525,JK02AJ1525,JK02AJ1525,JK02AJ1525,0.999,2342.6287174224854,True,True,1.0,0.0
JK16_p1.jpg,JK09B7745,JK09B7745,JK09B7745,JK09B7745,1.0,2243.053674697876,True,True,1.0,0.0
JK17_p1.jpg,JK02AS3888,JK02AS3888,JK02AS3888,JK02AS3888,0.9987,2240.0119304656982,True,True,1.0,0.0
JK18_p1.jpg,JK1182360,JK1182360,JK11B2360,JK11B2360,0.9642,2269.43039894104,False,False,0.8888888888888888,0.1111111111111111
JK19_p1.jpg,JK127959,JK127959,JK127959J9,JK127959J9,0.8879,2284.9249839782715,False,False,0.8,0.25
JK2_p1.jpg,JK02BJ7997,JK02BJ7997,JK02BJ7997,JK02BJ7997,0.9979,2246.340036392212,True,True,1.0,0.0
JK20_p1.jpg,JK02BJ4045,JK02BJ4045,JK02BJ4045,JK02BJ4045,0.9985,2247.063636779785,True,True,1.0,0.0
JK22_p1.jpg,JK01AL4613,JK01AL4613,JK01AL4613,JK01AL4613,0.9993,2222.705841064453,True,True,1.0,0.0
JK23_p1.jpg,JK02CC0447,JK02CC0447,JK02CC0447,JK02CC0447,0.9999,2263.9214992523193,True,True,1.0,0.0
JK24_p1.jpg,JK02BN3088,JK02BN3088,JK02BN3088,JK02BN3088,0.9997,2288.67244720459,True,True,1.0,0.0
JK26_p1.jpg,JK02AG2454,JK02AG2454,JK02AG2454,JK02AG2454,0.9975,2252.072334289551,True,True,1.0,0.0
JK27_p1.jpg,JK01D8354,JK01D8354,JK01D8354,JK01D8354,0.9626,2239.741086959839,True,True,1.0,0.0
JK28_p1.jpg,JK10A5217,JK10A5217,JK10A5217,JK10A5217,0.997,2256.4895153045654,True,True,1.0,0.0
JK29_p1.jpg,JK01AF0310,JK01AF0310,JK01AF0310,JK01AF0310,1.0,2308.7570667266846,True,True,1.0,0.0
JK3_p1.jpg,JK02BL1212,JK02BL1212,JK02BL1212,JK02BL1212,0.9989,2285.2933406829834,True,True,1.0,0.0
JK30_p1.jpg,JK02ACB876,JK02ACB876,JK02AC8876,JK02AC8876,0.9955,2204.75172996521,False,False,0.9,0.1
JK31_p1.jpg,JK03A8042,JK03A8042,JH03A8048,JH03A8048,0.9391,2314.1214847564697,False,False,0.7777777777777778,0.2222222222222222
JK32_p1.jpg,JK13C4452,JK13C4452,JK13C4452,JK13C4452,0.8896,2185.6350898742676,True,True,1.0,0.0
JK34_p1.jpg,JK10B2313,JK10B2313,JK10B2313,JK10B2313,0.9997,2256.847381591797,True,True,1.0,0.0
JK35_p1.jpg,JK10A4638,JK10A4638,JK10A4638,JK10A4638,0.9999,2216.4440155029297,True,True,1.0,0.0
JK36_p1.jpg,JK072483,JK072483,JK072483J3,JK072483J3,0.873,2221.0283279418945,False,False,0.8,0.25
JK4_p1.jpg,JK01M4723,JK01M4723,JK01M4723,JK01M4723,0.9647,2269.5488929748535,True,True,1.0,0.0
JK5_p1.jpg,JK05H3594,JK05H3594,JK05H3594,JK05H3594,0.9999,2245.3525066375732,True,True,1.0,0.0
JK6_p1.jpg,JK01R8021,JK01R8021,JK01R8021,JK01R8021,0.9999,2180.025339126587,True,True,1.0,0.0
JK7_p1.jpg,JK11B4928,JK11B4928,JK11B4928,JK11B4928,0.9997,2227.3504734039307,True,True,1.0,0.0
JK8_p1.jpg,JK02W2657,JK02W2657,JK02W2657,JK02W2657,0.9998,2216.618776321411,True,True,1.0,0.0
JK9_p1.jpg,JK02CD0461,JK02CD0461,JK02CD0461,JK02CD0461,0.9999,2236.447334289551,True,True,1.0,0.0
KA1_p1.jpg,KA03MQ6984,KA03MQ6984,KA03MQ6984,KA03MQ6984,0.9994,2221.8074798583984,True,True,1.0,0.0
KA10_p1.jpg,KA04MG7528,KA04MG7528,KA04MG7528,KA04MG7528,0.9999,2276.01957321167,True,True,1.0,0.0
KA11_p1.jpg,KA04MK0368,KA04MK0368,KA04MK0368,KA04MK0368,0.9998,2205.5037021636963,True,True,1.0,0.0
KA12_p1.jpg,KA02MF3336,KA02MF3336,KA02MF3336,KA02MF3336,0.999,2215.409994125366,True,True,1.0,0.0
KA16_p1.jpg,KA03NC7167,KA03NC7167,KA03NC7167,KA03NC7167,0.9999,2196.418046951294,True,True,1.0,0.0
KA17_p1.jpg,KA01MG1660,KA01MG1660,KA01MG1660,KA01MG1660,1.0,2238.5849952697754,True,True,1.0,0.0
KA18_p1.jpg,KA04MK312,KA04MK312,KA04MX312,KA04MX312,0.9892,2246.502637863159,False,False,0.8888888888888888,0.1111111111111111
KA19_p1.jpg,KA03MQ6984,KA03MQ6984,KA03MQ6984,KA03MQ6984,0.9976,2181.447982788086,True,True,1.0,0.0
KA2_p1.jpg,KA05MF1762,KA05MF1762,KA05MF1762,KA05MF1762,0.9617,2259.030818939209,True,True,1.0,0.0
KA20_p1.jpg,KA19MF1763,KA19MF1763,KA19MF1763,KA19MF1763,0.9999,2234.320640563965,True,True,1.0,0.0
KA21_p1.jpg,KA28M3589,KA28M3589,KA28M3589,KA28M3589,0.9938,2235.9492778778076,True,True,1.0,0.0
KA23_p1.jpg,KA51ML4025,KA51ML4025,KA51ML4025,KA51ML4025,0.9329,2231.282949447632,True,True,1.0,0.0
KA24_p1.jpg,KA25P5080,KA25P5080,KA25P5080,KA25P5080,1.0,2167.2234535217285,True,True,1.0,0.0
KA25_p1.jpg,KA38M8037,KA38M8037,KA38M8037,KA38M8037,0.9702,2198.110818862915,True,True,1.0,0.0
KA3_p1.jpg,KA06C9590,KA06C9590,KA06C9590,KA06C9590,0.9999,2188.422679901123,True,True,1.0,0.0
KA4_p1.jpg,KA38M8037,KA38M8037,KA38M8037,KA38M8037,0.9959,2199.5434761047363,True,True,1.0,0.0
KA5_p1.jpg,KA53P7604,KA53P7604,KA53P7604,KA53P7604,0.9999,2238.8439178466797,True,True,1.0,0.0
KA7_p1.jpg,KA51P7755,KA51P7755,KA51P7755,KA51P7755,0.9395,2245.7025051116943,True,True,1.0,0.0
KA8_p1.jpg,KA51D9662,KA51D9662,KA51D9662,KA51D9662,0.9727,2259.5860958099365,True,True,1.0,0.0
KA9_p1.jpg,KA01MB9714,KA01MB9714,KA01MB9714,KA01MB9714,0.9957,2227.9343605041504,True,True,1.0,0.0
KL10_p1.jpg,KL45C4411,KL45C4411,KL45C4411,KL45C4411,0.9946,2211.873769760132,True,True,1.0,0.0
KL11_p1.jpg,KL0BBJ5001,KL0BBJ5001,KL08BJ5001,KL08BJ5001,0.9311,2204.9248218536377,False,False,0.9,0.1
KL14_p1.jpg,KL03S6394,KL03S6394,KL03S6394,KL03S6394,0.9993,2234.956741333008,True,True,1.0,0.0
KL15_p1.jpg,KL43G6619,KL43G6619,KL43G6619,KL43G6619,0.9465,2265.103340148926,True,True,1.0,0.0
KL16_p1.jpg,KL43D4444,KL43D4444,KL43D4444,KL43D4444,0.9998,2214.698553085327,True,True,1.0,0.0
KL19_p1.jpg,KL43D4389,KL43D4389,KL43D2389,KL43D2389,0.8374,2237.5264167785645,False,False,0.8888888888888888,0.1111111111111111
KL3_p1.jpg,KL02AF6723,KL02AF6723,ML02AF6723L,ML02AF6723L,0.9318,2232.8524589538574,False,False,0.8181818181818182,0.2
KL4_p1.jpg,KL27D9809,KL27D9809,KL27D9809,KL27D9809,0.9999,2214.825391769409,True,True,1.0,0.0
KL5_p1.jpg,KL34A7564,KL34A7564,KL14A7564,KL14A7564,0.8738,2217.860221862793,False,False,0.8888888888888888,0.1111111111111111
KL6_p1.jpg,KL46R3613,KL46R3613,KL46H3613,KL46H3613,0.8812,2216.5162563323975,False,False,0.8888888888888888,0.1111111111111111
KL7_p1.jpg,KL41M93,KL41M93,KL41M93,KL41M93,0.9638,2253.753185272217,True,True,1.0,0.0
KL8_p1.jpg,KL07BU7707,KL07BU7707,KL07BU7707,KL07BU7707,0.9956,2274.945020675659,True,True,1.0,0.0
KL9_p1.jpg,KL16U8863,KL16U8863,KL16U8863,KL16U8863,0.9799,2313.263177871704,True,True,1.0,0.0
LA1_p1.jpg,LA020749,LA020749,KA020749,KA020749,0.9571,2280.6029319763184,False,False,0.875,0.125
MH1_p1.jpg,MH06AB8620,MH06AB8620,MH06AB8620,MH06AB8620,0.9351,2235.059976577759,True,True,1.0,0.0
MH10_p1.jpg,MH11CQ8516,MH11CQ8516,MH11CQ8516,MH11CQ8516,0.9955,2271.059036254883,True,True,1.0,0.0
MH11_p1.jpg,MH36H5700,MH36H5700,MH36H5700,MH36H5700,0.9531,2243.0777549743652,True,True,1.0,0.0
MH12_p1.jpg,MH12NJ5838,MH12NJ5838,MH12NJ5838,MH12NJ5838,0.9997,2203.725814819336,True,True,1.0,0.0
MH13_p1.jpg,MH05BS3471,MH05BS3471,MH05BS3471,MH05BS3471,0.9999,2250.598430633545,True,True,1.0,0.0
MH14_p1.jpg,MH43X8997,MH43X8997,MH43X8997,MH43X8997,1.0,2228.5985946655273,True,True,1.0,0.0
MH15_p1.jpg,MH05EQ4066,MH05EQ4066,MH05EQ4066,MH05EQ4066,0.9951,2218.9369201660156,True,True,1.0,0.0
MH16_p1.jpg,MH12GR862,MH12GR862,MH12GR862,MH12GR862,0.965,2245.903968811035,True,True,1.0,0.0
MH17_p1.jpg,MH01BT7906,MH01BT7906,MH01BT7906,MH01BT7906,0.9965,2232.243299484253,True,True,1.0,0.0
MH18_p1.jpg,MH12HN4507,MH12HN4507,MH12HN4507,MH12HN4507,0.9998,2262.052536010742,True,True,1.0,0.0
MH19_p1.jpg,MH12KN8366,MH12KN8366,MH12KN8366,MH12KN8366,0.9999,2225.4598140716553,True,True,1.0,0.0
MH2_p1.jpg,MH48AK2798,MH48AK2798,MH48AK2798,MH48AK2798,0.9998,2225.4018783569336,True,True,1.0,0.0
MH20_p1.jpg,MH12KJ7659,MH12KJ7659,MH12KJ7659,MH12KJ7659,0.9976,2214.0796184539795,True,True,1.0,0.0
MH21_p1.jpg,MH04DR8508,MH04DR8508,MH04DR8508,MH04DR8508,0.9929,2238.821268081665,True,True,1.0,0.0
MH22_p1.jpg,MH05CH1754,MH05CH1754,DH05CH1754,DH05CH1754,0.7643,2194.427728652954,False,False,0.9,0.1
MH23_p1.jpg,MH49AS5099,MH49AS5099,MH49AS5099,MH49AS5099,0.9386,2221.6501235961914,True,True,1.0,0.0
MH24_p1.jpg,MH04HF5092,MH04HF5092,MH04HF5092,MH04HF5092,0.9973,2207.3922157287598,True,True,1.0,0.0
MH25_p1.jpg,MH12FK1392,MH12FK1392,MH12FK1392,MH12FK1392,0.9784,2252.5863647460938,True,True,1.0,0.0
MH26_p1.jpg,MH12HF5057,MH12HF5057,MH12HF5057,MH12HF5057,1.0,2227.121353149414,True,True,1.0,0.0
MH3_p1.jpg,MH48AC6244,MH48AC6244,MH49AC6244,MH49AC6244,0.9963,2231.830358505249,False,False,0.9,0.1
MH4_p1.jpg,MH12MF6822,MH12MF6822,MH12ADF6822,MH12ADF6822,0.8683,2209.6922397613525,False,False,0.8181818181818182,0.2
MH6_p1.jpg,MH47N0712,MH47N0712,MH47N0712,MH47N0712,0.9651,2213.395118713379,True,True,1.0,0.0
MH7_p1.jpg,MH12KY6921,MH12KY6921,MH12KY6921,MH12KY6921,0.998,2197.4666118621826,True,True,1.0,0.0
MH8_p1.jpg,MH02DN7410,MH02DN7410,MH02DN7410,MH02DN7410,0.9994,2248.9330768585205,True,True,1.0,0.0
ML1_p1.jpg,ML05F6894,ML05F6894,ML05F6894,ML05F6894,0.9999,2211.97247505188,True,True,1.0,0.0
ML10_p1.jpg,ML06A1659,ML06A1659,ML05A1659,ML05A1659,0.9737,2210.2720737457275,False,False,0.8888888888888888,0.1111111111111111
ML11_p1.jpg,ML05L1434,ML05L1434,ML05L1434,ML05L1434,0.9997,2232.4676513671875,True,True,1.0,0.0
ML12_p1.jpg,ML05F9854,ML05F9854,ML05F9854,ML05F9854,0.9996,2236.0689640045166,True,True,1.0,0.0
ML13_p1.jpg,ML05H1958,ML05H1958,ML05H1958,ML05H1958,0.9997,2200.9265422821045,True,True,1.0,0.0
ML14_p1.jpg,ML10B9308,ML10B9308,ML10B9308,ML10B9308,0.9998,2259.7501277923584,True,True,1.0,0.0
ML15_p1.jpg,ML111909,ML111909,ML111909,ML111909,1.0,2231.6949367523193,True,True,1.0,0.0
ML16_p1.jpg,ML133317,ML133317,ML133377,ML133377,0.9361,2189.6259784698486,False,False,0.875,0.125
ML17_p1.jpg,ML05L5154,ML05L5154,ML05L5154,ML05L5154,0.9999,2253.793954849243,True,True,1.0,0.0
ML18_p1.jpg,ML10B4503,ML10B4503,ML10B4503,ML10B4503,0.9999,2186.2432956695557,True,True,1.0,0.0
ML19_p1.jpg,ML04C0056,ML04C0056,ML04C0056,ML04C0056,1.0,2233.6509227752686,True,True,1.0,0.0
ML2_p1.jpg,ML05Q8790,ML05Q8790,ML05Q8790,ML05Q8790,0.9994,2225.775957107544,True,True,1.0,0.0
ML20_p1.jpg,ML137827,ML137827,ML137827,ML137827,0.9998,2250.5531311035156,True,True,1.0,0.0
ML21_p1.jpg,ML05J3288,ML05J3288,ML05J3288,ML05J3288,0.9997,2226.0875701904297,True,True,1.0,0.0
ML22_p1.jpg,ML1032811,ML1032811,ML10B2811,ML10B2811,0.9491,2225.069284439087,False,False,0.8888888888888888,0.1111111111111111
ML23_p1.jpg,ML05R1934,ML05R1934,ML05R1934,ML05R1934,0.9662,2247.504472732544,True,True,1.0,0.0
ML24_p1.jpg,ML0563550,ML0563550,ML05G3550,ML05G3550,0.9998,2236.2751960754395,False,False,0.8888888888888888,0.1111111111111111
ML25_p1.jpg,ML04B8389,ML04B8389,ML04B8389,ML04B8389,0.9999,2260.2736949920654,True,True,1.0,0.0
ML26_p1.jpg,ML068346,ML068346,ML068346,ML068346,0.9996,2216.8118953704834,True,True,1.0,0.0
ML27_p1.jpg,ML05K9494,ML05K9494,ML05K9494,ML05K9494,0.9998,2252.3505687713623,True,True,1.0,0.0
ML28_p1.jpg,ML08C8061,ML08C8061,ML08C8061,ML08C8061,1.0,2227.839946746826,True,True,1.0,0.0
ML29_p1.jpg,ML04C4738,ML04C4738,ML04C4738,ML04C4738,0.9997,2263.2369995117188,True,True,1.0,0.0
ML30_p1.jpg,ML05C5389,ML05C5389,ML05C5388,ML05C5388,0.9792,2236.5734577178955,False,False,0.8888888888888888,0.1111111111111111
ML31_p1.jpg,ML05J8950,ML05J8950,ML05J8950,ML05J8950,0.9815,2276.6454219818115,True,True,1.0,0.0
ML32_p1.jpg,ML10C2674,ML10C2674,ML10C2674,ML10C2674,0.9858,2309.2901706695557,True,True,1.0,0.0
ML33_p1.jpg,ML04B8918,ML04B8918,ML04B8918,ML04B8918,0.9707,2224.419116973877,True,True,1.0,0.0
ML34_p1.jpg,ML05H6564,ML05H6564,ML05H6564,ML05H6564,0.9988,2257.5790882110596,True,True,1.0,0.0
ML35_p1.jpg,ML05G3474,ML05G3474,ML05G3474,ML05G3474,0.9998,2210.420846939087,True,True,1.0,0.0
ML36_p1.jpg,ML08B1100,ML08B1100,ML08B1100,ML08B1100,0.9998,2247.3580837249756,True,True,1.0,0.0
ML37_p1.jpg,ML08E9223,ML08E9223,ML08E9223,ML08E9223,0.9401,2171.884775161743,True,True,1.0,0.0
ML38_p1.jpg,ML064696,ML064696,ML064696,ML064696,1.0,2232.262372970581,True,True,1.0,0.0
ML39_p1.jpg,ML05G6098,ML05G6098,ML05G6098,ML05G6098,1.0,2206.963062286377,True,True,1.0,0.0
ML5_p1.jpg,ML05D0571,ML05D0571,ML05D0571,ML05D0571,0.9997,2256.9456100463867,True,True,1.0,0.0
ML7_p1.jpg,ML069642,ML069642,ML069642,ML069642,0.9979,2213.7229442596436,True,True,1.0,0.0
ML8_p1.jpg,ML087084,ML087084,ML0870844,ML0870844,0.8867,2243.0522441864014,False,False,0.8888888888888888,0.125
MN2_p1.jpg,MN05A6028,MN05A6028,MN05A6028,MN05A6028,0.9993,2209.576368331909,True,True,1.0,0.0
MN3_p1.jpg,MN01G0297,MN01G0297,MN01G0297,MN01G0297,0.9986,2259.949207305908,True,True,1.0,0.0
MN4_p1.jpg,MN06LA0861,MN06LA0861,MN06LA0861,MN06LA0861,0.9653,2204.841136932373,True,True,1.0,0.0
MN5_p1.jpg,MN01G5395,MN01G5395,MN01G5395,MN01G5395,0.9685,2285.4719161987305,True,True,1.0,0.0
MN6_p1.jpg,MN01K5346,MN01K5346,MH01K5346,MH01K5346,0.9941,2274.8913764953613,False,False,0.8888888888888888,0.1111111111111111
MP1_p1.jpg,MP04CL3546,MP04CL3546,MP04CL3546,MP04CL3546,0.953,2232.405424118042,True,True,1.0,0.0
MP10_p1.jpg,MP08CA6293,MP08CA6293,MP08CA6293,MP08CA6293,1.0,2303.4942150115967,True,True,1.0,0.0
MP11_p1.jpg,MP07CB8897,MP07CB8897,MP07CB8897,MP07CB8897,1.0,2281.463861465454,True,True,1.0,0.0
MP2_p1.jpg,MP04CL8840,MP04CL8840,MP04CL8840,MP04CL8840,0.9871,2304.1129112243652,True,True,1.0,0.0
MP3_p1.jpg,MP65C0654,MP65C0654,MP65C0654,MP65C0654,0.9936,2252.4030208587646,True,True,1.0,0.0
MP4_p1.jpg,MP09CK4943,MP09CK4943,MP09CK4943,MP09CK4943,0.9978,2243.7286376953125,True,True,1.0,0.0
MP5_p1.jpg,MP20TA0919,MP20TA0919,MP20TA0919,MP20TA0919,0.984,2244.9474334716797,True,True,1.0,0.0
MP6_p1.jpg,MP07CA5563,MP07CA5563,MP07CA5563,MP07CA5563,0.9997,2225.088357925415,True,True,1.0,0.0
MP7_p1.jpg,MP09BD1270,MP09BD1270,MP09BD1270,MP09BD1270,0.9605,2254.6565532684326,True,True,1.0,0.0
MP8_p1.jpg,MP09CQ9712,MP09CQ9712,MP09CQ9712,MP09CQ9712,0.9996,2236.377477645874,True,True,1.0,0.0
MP9_p1.jpg,MP45G0872,MP45G0872,MP45G087Z,MP45G087Z,0.7734,2281.0184955596924,False,False,0.8888888888888888,0.1111111111111111
MZ1_p1.jpg,MZ01G9825,MZ01G9825,MZ01G9825,MZ01G9825,0.9968,2248.8083839416504,True,True,1.0,0.0
NL2_p1.jpg,NL01CB433,NL01CB433,NL01C8433,NL01C8433,0.9984,2239.685297012329,False,False,0.8888888888888888,0.1111111111111111
NL3_p1.jpg,NL078440,NL078440,NL078440,NL078440,0.9919,2234.086751937866,True,True,1.0,0.0
NL4_p1.jpg,NL02C3947,NL02C3947,ML02C3947J,ML02C3947J,0.9047,2242.7587509155273,False,False,0.8,0.2222222222222222
NL5_p1.jpg,NL07CA7631,NL07CA7631,JL1CK11,JL1CK11,0.3649,2257.6117515563965,False,False,0.2,0.8
NL6_p1.jpg,NL02C9593,NL02C9593,NL02C9593,NL02C9593,0.9613,2205.0704956054688,True,True,1.0,0.0
NL7_p1.jpg,NL01T8152,NL01T8152,ML01T8152,ML01T8152,0.8874,2192.9659843444824,False,False,0.8888888888888888,0.1111111111111111
NL8_p1.jpg,NL07T0937,NL07T0937,NL07T0937,NL07T0937,0.9997,2217.4746990203857,True,True,1.0,0.0
NL9_p1.jpg,NL02C6709,NL02C6709,NL02C6709,NL02C6709,1.0,2267.228603363037,True,True,1.0,0.0
OD10_p1.jpg,OD05K6964,OD05K6964,OD05K6964,OD05K6964,1.0,2229.3925285339355,True,True,1.0,0.0
OD11_p1.jpg,OR02BV0701,OR02BV0701,OH02BV0701J,OH02BV0701J,0.8254,2213.1285667419434,False,False,0.8181818181818182,0.2
OD12_p1.jpg,OR05AN4494,OR05AN4494,OB05AN4494,OB05AN4494,0.8575,2190.9077167510986,False,False,0.9,0.1
OD13_p1.jpg,OD052323,OD052323,DD052323,DD052323,0.9668,2197.1404552459717,False,False,0.875,0.125
OD14_p1.jpg,OD02L4656,OD02L4656,OD02L4656,OD02L4656,0.9677,2252.5601387023926,True,True,1.0,0.0
OD15_p1.jpg,OD05Y5787,OD05Y5787,OD05Y5787,OD05Y5787,0.9882,2290.8523082733154,True,True,1.0,0.0
OD16_p1.jpg,OR14U8730,OR14U8730,OR14U8730,OR14U8730,1.0,2296.4072227478027,True,True,1.0,0.0
OD17_p1.jpg,OD14B7432,OD14B7432,OD14B7432,OD14B7432,0.9402,2270.9884643554688,True,True,1.0,0.0
OD18_p1.jpg,OD22J9911,OD22J9911,KA22J95,KA22J95,0.5922,2254.2288303375244,False,False,0.4444444444444444,0.5555555555555556
OD19_p1.jpg,OD11P6123,OD11P6123,OD11P6123,OD11P6123,0.9857,2229.454755783081,True,True,1.0,0.0
OD20_p1.jpg,OD01Q4668,OD01Q4668,OD01Q4668,OD01Q4668,0.9185,2281.923294067383,True,True,1.0,0.0
OD22_p1.jpg,OR05AC0422,OR05AC0422,BR05AC04JR2,BR05AC04JR2,0.6123,2233.6230278015137,False,False,0.7272727272727273,0.3
OD23_p1.jpg,OR21E1033,OR21E1033,DR21E1033,DR21E1033,0.9537,2271.4407444000244,False,False,0.8888888888888888,0.1111111111111111
OD24_p1.jpg,OD02J0435,OD02J0435,OD02J0435,OD02J0435,0.9581,2263.9548778533936,True,True,1.0,0.0
OD25_p1.jpg,OD02AP3010,OD02AP3010,OD02AP3010,OD02AP3010,0.9927,2229.4437885284424,True,True,1.0,0.0
OD26_p1.jpg,OD021481,OD021481,OD021481,OD021481,0.9998,2260.499954223633,True,True,1.0,0.0
OD27_p1.jpg,OD25F7400,OD25F7400,OD25F7400,OD25F7400,0.934,2302.248001098633,True,True,1.0,0.0
OD3_p1.jpg,OD02V0007,OD02V0007,OD02V0007,OD02V0007,0.9611,2229.3620109558105,True,True,1.0,0.0
OD4_p1.jpg,OD02C2836,OD02C2836,OD02C2836,OD02C2836,0.9674,2303.68971824646,True,True,1.0,0.0
OD5_p1.jpg,OD14E3131,OD14E3131,DD14E3131,DD14E3131,0.9989,2306.2353134155273,False,False,0.8888888888888888,0.1111111111111111
OD6_p1.jpg,OR08F1001,OR08F1001,OR08F1001,OR08F1001,0.9621,2214.3759727478027,True,True,1.0,0.0
OD9_p1.jpg,OD33L2616,OD33L2616,OD33L2616,OD33L2616,0.9999,2243.5078620910645,True,True,1.0,0.0
PB1_p1.jpg,PB11BG7347,PB11BG7347,PB11BG7347,PB11BG7347,0.9887,2309.9772930145264,True,True,1.0,0.0
PB10_p1.jpg,PB11BN6101,PB11BN6101,PB11BN6101,PB11BN6101,0.9989,2253.5815238952637,True,True,1.0,0.0
PB11_p1.jpg,PB08C03690,PB08C03690,PB08CQ3690,PB08CQ3690,0.9974,2225.512742996216,False,False,0.9,0.1
PB12_p1.jpg,PB07BY3563,PB07BY3563,PB07BY3563,PB07BY3563,0.9615,2206.433057785034,True,True,1.0,0.0
PB13_p1.jpg,PB08DT7342,PB08DT7342,PB08DT7342,PB08DT7342,0.9978,2245.6512451171875,True,True,1.0,0.0
PB14_p1.jpg,PB10EH0164,PB10EH0164,PB10EH0164,PB10EH0164,0.9808,2241.9300079345703,True,True,1.0,0.0
PB15_p1.jpg,PB30L5010,PB30L5010,PB30L5010,PB30L5010,1.0,2228.3902168273926,True,True,1.0,0.0
PB17_p1.jpg,PB23S8600,PB23S8600,PB23S8600,PB23S8600,1.0,2303.4684658050537,True,True,1.0,0.0
PB18_p1.jpg,PB08BF6160,PB08BF6160,PB08BF6160,PB08BF6160,1.0,2289.440155029297,True,True,1.0,0.0
PB19_p1.jpg,PB10CX0209,PB10CX0209,PB10CX0209,PB10CX0209,1.0,2234.849214553833,True,True,1.0,0.0
PB2_p1.jpg,PB04S4253,PB04S4253,PB04S4253,PB04S4253,0.9954,2255.17201423645,True,True,1.0,0.0
PB20_p1.jpg,PB31R8123,PB31R8123,PB31R8123,PB31R8123,1.0,2269.951581954956,True,True,1.0,0.0
PB21_p1.jpg,PB37A8269,PB37A8269,PB37H8269,PB37H8269,0.9803,2294.646978378296,False,False,0.8888888888888888,0.1111111111111111
PB22_p1.jpg,PB06AN6162,PB06AN6162,PB06AN6162,PB06AN6162,0.9945,2219.578981399536,True,True,1.0,0.0
PB23_p1.jpg,PB02CC7299,PB02CC7299,RJ02CC7299,RJ02CC7299,0.8645,2239.2446994781494,False,False,0.8,0.2
PB24_p1.jpg,PB02DY7380,PB02DY7380,PB02DY7380,PB02DY7380,0.9615,2264.4248008728027,True,True,1.0,0.0
PB25_p1.jpg,PB10CK5005,PB10CK5005,PB10CK5005,PB10CK5005,0.9974,2218.752384185791,True,True,1.0,0.0
PB26_p1.jpg,PB04T0678,PB04T0678,PB04T067P,PB04T067P,0.9205,2202.9666900634766,False,False,0.8888888888888888,0.1111111111111111
PB27_p1.jpg,PB65AN2583,PB65AN2583,PB65AN2583,PB65AN2583,0.994,2254.3227672576904,True,True,1.0,0.0
PB29_p1.jpg,PB10EE0888,PB10EE0888,PB10EE0888,PB10EE0888,1.0,2227.5984287261963,True,True,1.0,0.0
PB30_p1.jpg,PB08DY4824,PB08DY4824,PB08EDY4824,PB08EDY4824,0.8877,2334.197759628296,False,False,0.9090909090909091,0.1
PB4_p1.jpg,PB07BL8058,PB07BL8058,PB07BL8058,PB07BL8058,0.9451,2218.128204345703,True,True,1.0,0.0
PB5_p1.jpg,PB2313752,PB2313752,PB20T3752,PB20T3752,0.7356,2217.702627182007,False,False,0.7777777777777778,0.2222222222222222
PB6_p1.jpg,PB13AF6756,PB13AF6756,PB13AF6756,PB13AF6756,0.9999,2229.6552658081055,True,True,1.0,0.0
PB7_p1.jpg,PB10DV5354,PB10DV5354,PB10DV5354,PB10DV5354,0.9934,2232.5193881988525,True,True,1.0,0.0
PB8_p1.jpg,PB10CQ0006,PB10CQ0006,PB10CQ0006,PB10CQ0006,0.9391,2188.199520111084,True,True,1.0,0.0
PB9_p1.jpg,PB35F9333,PB35F9333,PB35F9333,PB35F9333,0.9967,2239.4094467163086,True,True,1.0,0.0
PY1_p1.jpg,PY01Q7947,PY01Q7947,PY0107947,PY0107947,0.9803,2192.772626876831,False,False,0.8888888888888888,0.1111111111111111
PY10_p1.jpg,PY01CE4149,PY01CE4149,PY01CE4149,PY01CE4149,0.9999,2199.4786262512207,True,True,1.0,0.0
PY12_p1.jpg,PY01AH9067,PY01AH9067,PY01AH9067,PY01AH9067,0.9861,2228.618383407593,True,True,1.0,0.0
PY13_p1.jpg,PY01CG2929,PY01CG2929,PY01CG2929,PY01CG2929,0.9999,2216.2716388702393,True,True,1.0,0.0
PY14_p1.jpg,PY01CV2447,PY01CV2447,PY01CV2442,PY01CV2442,0.9692,2219.50364112854,False,False,0.9,0.1
PY15_p1.jpg,PY05A8339,PY05A8339,PY05A8339,PY05A8339,1.0,2206.3348293304443,True,True,1.0,0.0
PY16_p1.jpg,PY01BU2406,PY01BU2406,PY01BU2406,PY01BU2406,0.9962,2226.5095710754395,True,True,1.0,0.0
PY17_p1.jpg,PY02S9326,PY02S9326,PY02S9326,PY02S9326,1.0,2282.928466796875,True,True,1.0,0.0
PY18_p1.jpg,PY02L4602,PY02L4602,M02L4649,M02L4649,0.7792,2239.696979522705,False,False,0.5555555555555556,0.4444444444444444
PY2_p1.jpg,PY01CM9549,PY01CM9549,PY01CM9549,PY01CM9549,0.9873,2208.5208892822266,True,True,1.0,0.0
PY3_p1.jpg,PY01CM5400,PY01CM5400,PY01CM5400,PY01CM5400,0.9605,2276.0074138641357,True,True,1.0,0.0
PY4_p1.jpg,PY02S7828,PY02S7828,PY02S7828,PY02S7828,0.9867,2238.3241653442383,True,True,1.0,0.0
PY5_p1.jpg,PY01AW2814,PY01AW2814,PY01AW2814,PY01AW2814,0.999,2219.888210296631,True,True,1.0,0.0
PY6_p1.jpg,PY01AP0555,PY01AP0555,PY01AP0555,PY01AP0555,0.9994,2251.7757415771484,True,True,1.0,0.0
PY7_p1.jpg,PY036993,PY036993,PY036993,PY036993,0.9994,2285.191059112549,True,True,1.0,0.0
PY8_p1.jpg,PY01BD9020,PY01BD9020,PY01BD9020,PY01BD9020,1.0,2292.475461959839,True,True,1.0,0.0
PY9_p1.jpg,PY055353,PY055353,PY055353,PY055353,0.9997,2266.5536403656006,True,True,1.0,0.0
RJ10_p1.jpg,RJ14CM3730,RJ14CM3730,RJ14CM3730,RJ14CM3730,0.9887,2296.6198921203613,True,True,1.0,0.0
RJ2_p1.jpg,RJ14CW4115,RJ14CW4115,RJ14CW4115,RJ14CW4115,0.9992,2254.270315170288,True,True,1.0,0.0
RJ4_p1.jpg,RJ20CD5118,RJ20CD5118,RJ20CD5118,RJ20CD5118,0.989,2234.0660095214844,True,True,1.0,0.0
RJ5_p1.jpg,RJ14CF5807,RJ14CF5807,RJ14CF5807,RJ14CF5807,1.0,2302.92010307312,True,True,1.0,0.0
RJ6_p1.jpg,RJ23CB2272,RJ23CB2272,RJ23CB2272,RJ23CB2272,0.9687,2266.5154933929443,True,True,1.0,0.0
RJ7_p1.jpg,RJ23CB4320,RJ23CB4320,RJ23CB4320,RJ23CB4320,0.9963,2261.402368545532,True,True,1.0,0.0
RJ9_p1.jpg,RJ20UB0137,RJ20UB0137,RJ20UB0137,RJ20UB0137,0.9898,2209.1619968414307,True,True,1.0,0.0
SK1_p1.jpg,SK01PA2969,SK01PA2969,SK01PA2969,SK01PA2969,0.9999,2242.976427078247,True,True,1.0,0.0
SK10_p1.jpg,SK01PB5004,SK01PB5004,SK01PB5004,SK01PB5004,0.9981,2210.2389335632324,True,True,1.0,0.0
SK11_p1.jpg,SK02P1078,SK02P1078,SK02P1078,SK02P1078,0.9999,2172.259569168091,True,True,1.0,0.0
SK12_p1.jpg,SK01T3835,SK01T3835,SK01T3835,SK01T3835,0.9995,2258.384943008423,True,True,1.0,0.0
SK13_p1.jpg,SK05T0338,SK05T0338,SA05T0338,SA05T0338,0.8775,2241.7657375335693,False,False,0.8888888888888888,0.1111111111111111
SK2_p1.jpg,SK01T3794,SK01T3794,SK01T3794,SK01T3794,0.9995,2264.2595767974854,True,True,1.0,0.0
SK3_p1.jpg,SK01PA7708,SK01PA7708,SK01PA7708,SK01PA7708,0.9999,2221.393823623657,True,True,1.0,0.0
SK4_p1.jpg,SK01PA4521,SK01PA4521,SK01PA4521JK,SK01PA4521JK,0.9075,2240.2169704437256,False,False,0.8333333333333334,0.2
SK5_p1.jpg,SK01PB3596,SK01PB3596,SK01PB3596,SK01PB3596,0.9997,2209.141492843628,True,True,1.0,0.0
SK6_p1.jpg,SK04P1320,SK04P1320,SK04P1320,SK04P1320,0.9459,2277.1193981170654,True,True,1.0,0.0
SK7_p1.jpg,SK02P3471,SK02P3471,SK02P3471JK,SK02P3471JK,0.9209,2211.7767333984375,False,False,0.8181818181818182,0.2222222222222222
SK8_p1.jpg,SK01PA5349,SK01PA5349,SK01PA5349,SK01PA5349,0.9985,2215.864658355713,True,True,1.0,0.0
SK9_p1.jpg,SK01T8791,SK01T8791,SK01T8791,SK01T8791,0.9999,2284.282445907593,True,True,1.0,0.0
TN1_p1.jpg,TN63BV7954,TN63BV7954,TN63BV7954,TN63BV7954,0.9954,6839.579820632935,True,True,1.0,0.0
TN10_p1.jpg,TN69AJ4455,TN69AJ4455,TN69AJ4455,TN69AJ4455,0.9932,20301.647663116455,True,True,1.0,0.0
TN2_p1.jpg,TN76V1978,TN76V1978,TN76V1978,TN76V1978,0.9989,20244.465589523315,True,True,1.0,0.0
TN3_p1.jpg,TN02AU9295,TN02AU9295,TN02AU9295,TN02AU9295,0.9995,20908.472776412964,True,True,1.0,0.0
TN4_p1.jpg,TN10AR0131,TN10AR0131,TN10AR0131,TN10AR0131,0.9878,20425.012588500977,True,True,1.0,0.0
TN5_p1.jpg,TN47T4464,TN47T4464,TN47T4464,TN47T4464,0.9997,20601.542472839355,True,True,1.0,0.0
TN6_p1.jpg,TN19F0816,TN19F0816,TN19F0816,TN19F0816,0.9999,2527.167797088623,True,True,1.0,0.0
TN7_p1.jpg,TN07BT5778,TN07BT5778,TN07BT5778,TN07BT5778,1.0,2217.5395488739014,True,True,1.0,0.0
TN8_p1.jpg,TN07AP0659,TN07AP0659,TN07AP0659,TN07AP0659,0.9999,2271.3212966918945,True,True,1.0,0.0
TN9_p1.jpg,TN19Q0835,TN19Q0835,TN19Q0835,TN19Q0835,0.9972,2274.0113735198975,True,True,1.0,0.0
TR1_p1.jpg,TR05B0308,TR05B0308,TR05B0308,TR05B0308,1.0,2292.085886001587,True,True,1.0,0.0
TR10_p1.jpg,TR07D0569,TR07D0569,TR07D0569,TR07D0569,0.9994,2214.2438888549805,True,True,1.0,0.0
TR2_p1.jpg,TR03H0259,TR03H0259,TR03H0259,TR03H0259,0.9999,2289.436101913452,True,True,1.0,0.0
TR3_p1.jpg,TR02L0569,TR02L0569,TR02L0569,TR02L0569,0.9999,2268.4507369995117,True,True,1.0,0.0
TR4_p1.jpg,TR01N0481,TR01N0481,TR01N0481,TR01N0481,0.9999,2275.230884552002,True,True,1.0,0.0
TR5_p1.jpg,TR01X0482,TR01X0482,TR01X0482,TR01X0482,1.0,2240.107536315918,True,True,1.0,0.0
TR6_p1.jpg,TR01BG0365,TR01BG0365,TR01BG0365,TR01BG0365,0.9981,2374.329090118408,True,True,1.0,0.0
TR7_p1.jpg,TR03F0375,TR03F0375,TR03F35,TR03F35,0.5139,2255.498170852661,False,False,0.7777777777777778,0.2222222222222222
TR8_p1.jpg,TR01E2157,TR01E2157,TR01E2157,TR01E2157,0.9877,2247.325897216797,True,True,1.0,0.0
TR9_p1.jpg,TR01AS0609,TR01AS0609,TR01AS0609,TR01AS0609,0.9999,2266.4239406585693,True,True,1.0,0.0
TS1_p1.jpg,TS08FQ1262,TS08FQ1262,TS08FQ1262,TS08FQ1262,0.9567,2258.9335441589355,True,True,1.0,0.0
TS10_p1.jpg,TS11EQ2914,TS11EQ2914,TS11EQ2914,TS11EQ2914,0.974,2271.101951599121,True,True,1.0,0.0
TS11_p1.jpg,TS08FZ8298,TS08FZ8298,TS08FZ8298,TS08FZ8298,0.974,2261.946201324463,True,True,1.0,0.0
TS12_p1.jpg,TS09UA7948,TS09UA7948,TS09UA7948,TS09UA7948,0.9987,2239.8359775543213,True,True,1.0,0.0
TS13_p1.jpg,TS15ES0894,TS15ES0894,TS15ES0894,TS15ES0894,0.9918,2251.2147426605225,True,True,1.0,0.0
TS14_p1.jpg,TS36H6578,TS36H6578,TS36H6578,TS36H6578,1.0,2206.1808109283447,True,True,1.0,0.0
TS15_p1.jpg,TS13EK6213,TS13EK6213,TS13EK6213,TS13EK6213,0.9606,2202.2716999053955,True,True,1.0,0.0
TS16_p1.jpg,TS07HM2684,TS07HM2684,UHKA81,UHKA81,0.2206,2209.199905395508,False,False,0.2,0.8
TS2_p1.jpg,TS07EL3335,TS07EL3335,TS07EL3335,TS07EL3335,0.9893,2190.345048904419,True,True,1.0,0.0
TS3_p1.jpg,TS09EZ9293,TS09EZ9293,TS09EZ9293,TS09EZ9293,0.9696,2238.584518432617,True,True,1.0,0.0
TS4_p1.jpg,TS09EZ9296,TS09EZ9296,TS09EZ9296,TS09EZ9296,0.9782,2214.824438095093,True,True,1.0,0.0
TS5_p1.jpg,TS09EA4088,TS09EA4088,TN09EA4088,TN09EA4088,0.7776,2329.3817043304443,False,False,0.9,0.1
TS6_p1.jpg,TS18T3899,TS18T3899,TS18T3899,TS18T3899,0.9757,2201.960325241089,True,True,1.0,0.0
TS7_p1.jpg,TS08EZ9463,TS08EZ9463,TS08EZ9463,TS08EZ9463,0.9999,2250.225782394409,True,True,1.0,0.0
TS8_p1.jpg,TS09EG6565,TS09EG6565,TS09EG6565,TS09EG6565,1.0,2202.9495239257812,True,True,1.0,0.0
TS9_p1.jpg,TS21J8351,TS21J8351,AS21J8351,AS21J8351,0.9709,2272.5868225097656,False,False,0.8888888888888888,0.1111111111111111
UK1_p1.jpg,UK08W2276,UK08W2276,UK08W2276,UK08W2276,0.9999,2237.431764602661,True,True,1.0,0.0
UK10_p1.jpg,UK07AA2432,UK07AA2432,UK07AA2432,UK07AA2432,0.9997,2241.741180419922,True,True,1.0,0.0
UK2_p1.jpg,UK06CB4595,UK06CB4595,UK06CB4595,UK06CB4595,0.9997,2240.3883934020996,True,True,1.0,0.0
UK3_p1.jpg,UK185763,UK185763,UK185763,UK185763,0.9982,2259.2217922210693,True,True,1.0,0.0
UK4_p1.jpg,UP23K0008,UP23K0008,UP23K0008,UP23K0008,1.0,2289.645195007324,True,True,1.0,0.0
UK5_p1.jpg,UK106679,UK106679,UK106679,UK106679,1.0,2250.609874725342,True,True,1.0,0.0
UK6_p1.jpg,UK07055789,UK07055789,UK07DS5789,UK07DS5789,0.9101,2274.7397422790527,False,False,0.8,0.2
UK7_p1.jpg,UK07AM5665,UK07AM5665,UK07AM5665,UK07AM5665,0.9999,2222.301244735718,True,True,1.0,0.0
UK8_p1.jpg,UK07BK5014,UK07BK5014,UK07BK5014,UK07BK5014,0.9998,2235.132932662964,True,True,1.0,0.0
UK9_p1.jpg,UK06J3953,UK06J3953,UK06J3953,UK06J3953,0.9973,2250.8392333984375,True,True,1.0,0.0
UP1_p1.jpg,UP57H8173,UP57H8173,UP57H8173,UP57H8173,0.9997,2245.2473640441895,True,True,1.0,0.0
UP10_p1.jpg,UP78DB3730,UP78DB3730,UP78DB3730,UP78DB3730,0.9501,2205.207586288452,True,True,1.0,0.0
UP11_p1.jpg,UP53AK1161,UP53AK1161,UP53AK1161,UP53AK1161,0.9998,2277.8241634368896,True,True,1.0,0.0
UP12_p1.jpg,UP14CV7920,UP14CV7920,UP14CV7920,UP14CV7920,1.0,2264.521598815918,True,True,1.0,0.0
UP14_p1.jpg,UP16BD4866,UP16BD4866,UP16BD4866,UP16BD4866,1.0,2247.4873065948486,True,True,1.0,0.0
UP15_p1.jpg,UP79L0567,UP79L0567,UP79L0567,UP79L0567,1.0,2238.9020919799805,True,True,1.0,0.0
UP16_p1.jpg,UP32KW7325,UP32KW7325,UP32KW7325,UP32KW7325,0.9994,2246.323585510254,True,True,1.0,0.0
UP17_p1.jpg,UP32CX3400,UP32CX3400,UP32CX3400,UP32CX3400,1.0,2324.8016834259033,True,True,1.0,0.0
UP19_p1.jpg,UP45Q3028,UP45Q3028,UP45Q3028,UP45Q3028,0.9999,2259.4752311706543,True,True,1.0,0.0
UP2_p1.jpg,UP85BN4203,UP85BN4203,UP85BN4203,UP85BN4203,1.0,2296.288251876831,True,True,1.0,0.0
UP20_p1.jpg,UP14AK8604,UP14AK8604,UP14AK8604,UP14AK8604,1.0,2221.036911010742,True,True,1.0,0.0
UP21_p1.jpg,UP52AH9705,UP52AH9705,UP52AH9705,UP52AH9705,1.0,2317.183017730713,True,True,1.0,0.0
UP22_p1.jpg,UP11AY0646,UP11AY0646,UP11AY0646,UP11AY0646,1.0,2335.5984687805176,True,True,1.0,0.0
UP23_p1.jpg,UP78ED0449,UP78ED0449,UP78ED0449,UP78ED0449,0.9888,2244.8291778564453,True,True,1.0,0.0
UP24_p1.jpg,UP27Z7322,UP27Z7322,UP27Z7322,UP27Z7322,1.0,2237.912654876709,True,True,1.0,0.0
UP25_p1.jpg,UP32BF3577,UP32BF3577,UP32BF3577,UP32BF3577,0.9998,2282.3638916015625,True,True,1.0,0.0
UP26_p1.jpg,UP14AX9754,UP14AX9754,UP14AX9754,UP14AX9754,0.9996,2277.8589725494385,True,True,1.0,0.0
UP27_p1.jpg,UP70ET7816,UP70ET7816,UP70ET7816,UP70ET7816,0.9998,2281.020164489746,True,True,1.0,0.0
UP28_p1.jpg,UP32HY6077,UP32HY6077,UP32HY6077,UP32HY6077,0.9598,2232.4676513671875,True,True,1.0,0.0
UP29_p1.jpg,UP14AF3804,UP14AF3804,UP14AF3804,UP14AF3804,0.9494,2223.377466201782,True,True,1.0,0.0
UP3_p1.jpg,UP80FA1666,UP80FA1666,UP80FA1666,UP80FA1666,0.9781,2247.13397026062,True,True,1.0,0.0
UP4_p1.jpg,UP16U3849,UP16U3849,UP16U3849,UP16U3849,0.9949,2297.7027893066406,True,True,1.0,0.0
UP5_p1.jpg,UP32EC5577,UP32EC5577,UP32EC5577,UP32EC5577,0.9996,2223.518133163452,True,True,1.0,0.0
UP8_p1.jpg,UP16AJ0704,UP16AJ0704,UP16AJ0704,UP16AJ0704,0.9533,2240.1092052459717,True,True,1.0,0.0
WB1_p1.jpg,WB26T6688,WB26T6688,WB26T6688,WB26T6688,0.9991,2232.4297428131104,True,True,1.0,0.0
WB11_p1.jpg,WB08A4101,WB08A4101,WB08A4101,WB08A4101,0.9999,2282.3026180267334,True,True,1.0,0.0
WB12_p1.jpg,WB26S5093,WB26S5093,WB26S5093,WB26S5093,0.9999,2263.6570930480957,True,True,1.0,0.0
WB13_p1.jpg,WB26K2760,WB26K2760,MR26K2760,MR26K2760,0.8379,2231.333017349243,False,False,0.7777777777777778,0.2222222222222222
WB14_p1.jpg,WB36G6682,WB36G6682,WB36G6682,WB36G6682,0.9729,2277.9242992401123,True,True,1.0,0.0
WB15_p1.jpg,WB12AX2987,WB12AX2987,WB12AX2987,WB12AX2987,0.9998,2236.354351043701,True,True,1.0,0.0
WB16_p1.jpg,WB06J9177,WB06J9177,WB06J9177,WB06J9177,0.9997,2209.548234939575,True,True,1.0,0.0
WB17_p1.jpg,WB02AJ4534,WB02AJ4534,WB02AJ4534,WB02AJ4534,0.9997,2204.695224761963,True,True,1.0,0.0
WB18_p1.jpg,WB06J2192,WB06J2192,WB06J2192,WB06J2192,0.9998,2225.3594398498535,True,True,1.0,0.0
WB19_p1.jpg,WB061061,WB061061,WB061061,WB061061,0.9997,2218.8825607299805,True,True,1.0,0.0
WB2_p1.jpg,WB02M8447,WB02M8447,WB02M8447,WB02M8447,0.9981,2202.2531032562256,True,True,1.0,0.0
WB20_p1.jpg,WB171717,WB171717,WB171717,WB171717,0.9934,2201.2147903442383,True,True,1.0,0.0
WB21_p1.jpg,WB02W9S3S,WB02W9S3S,WB02W9535,WB02W9535,0.9995,2220.606565475464,False,False,0.7777777777777778,0.2222222222222222
WB22_p1.jpg,WB20H0271,WB20H0271,WB20H0271,WB20H0271,0.9666,2184.377908706665,True,True,1.0,0.0
WB23_p1.jpg,WB20AG9041,WB20AG9041,WB20AG9041,WB20AG9041,1.0,2217.087507247925,True,True,1.0,0.0
WB25_p1.jpg,WB06H2237,WB06H2237,WB06H2237,WB06H2237,0.9662,2268.7718868255615,True,True,1.0,0.0
WB26_p1.jpg,WB02A03017,WB02A03017,WB02AD3017,WB02AD3017,0.9922,2179.9018383026123,False,False,0.9,0.1
WB27_p1.jpg,WB02AD4162,WB02AD4162,WB02AD4162,WB02AD4162,0.9999,2238.34228515625,True,True,1.0,0.0
WB28_p1.jpg,WB02AM8548,WB02AM8548,WB02AM8548,WB02AM8548,0.9999,2291.914463043213,True,True,1.0,0.0
WB3_p1.jpg,WB70G3763,WB70G3763,WB70G3763,WB70G3763,0.9999,2229.7277450561523,True,True,1.0,0.0
WB4_p1.jpg,WB02X8795,WB02X8795,WB02X8795,WB02X8795,0.9995,2237.4396324157715,True,True,1.0,0.0
WB5_p1.jpg,WB06G4120,WB06G4120,WB06G4120,WB06G4120,0.9999,2253.161907196045,True,True,1.0,0.0
WB6_p1.jpg,WB02AH4655,WB02AH4655,WB02AH4655,WB02AH4655,0.9996,2344.2776203155518,True,True,1.0,0.0
WB8_p1.jpg,WB06J4432,WB06J4432,WB06J4432,WB06J4432,0.9999,2227.4723052978516,True,True,1.0,0.0
WB9_p1.jpg,WB02AA5580,WB02AA5580,WB02AA5580,WB02AA5580,0.9735,2253.220319747925,True,True,1.0,0.0
