image_path,plate_id,ground_truth_plate,x1,y1,x2,y2,image_width,image_height,state,source_xml
AN\AN1.jpg,1,AN01P9687,94,364,185,385,272,575,AN,AN\AN1.xml
AN\AN10.jpg,1,AN01K9412,109,168,165,181,272,363,AN,AN\AN10.xml
AN\AN2.jpg,1,AN01D4163,121,224,179,237,272,363,AN,AN\AN2.xml
AN\AN4.jpg,1,AN01M4M,82,229,141,245,272,363,AN,AN\AN4.xml
AN\AN5.jpg,1,AN01L6155,150,244,205,256,272,342,AN,AN\AN5.xml
AN\AN6.jpg,1,AN01H1689,121,229,184,246,272,363,AN,AN\AN6.xml
AN\AN7.jpg,1,AN01H0908,89,366,192,391,272,590,AN,AN\AN7.xml
AP\AP1.jpg,1,AP05BY7799,101,145,179,162,272,204,AP,AP\AP1.xml
AP\AP10.jpg,1,AP39E1493,111,267,188,284,272,423,AP,AP\AP10.xml
AP\AP12.jpg,1,AP310U7562,77,226,132,248,272,363,AP,AP\AP12.xml
AP\AP13.jpg,1,AP39JJ5441,96,191,169,210,272,363,AP,AP\AP13.xml
AP\AP14.jpg,1,AP10AS3445,103,176,191,206,272,620,AP,AP\AP14.xml
AP\AP15.jpg,1,AP28AT5333,93,240,203,260,272,363,AP,AP\AP15.xml
AP\AP16.jpg,1,AP39GR3492,104,127,154,138,272,153,AP,AP\AP16.xml
AP\AP17.jpg,1,AP31TP2282,106,340,180,355,272,590,AP,AP\AP17.xml
AP\AP18.jpg,1,AP16BS4500,105,114,163,129,271,170,AP,AP\AP18.xml
AP\AP19.jpg,1,AP04M7627,98,341,158,357,272,604,AP,AP\AP19.xml
AP\AP2.jpg,1,AP07AN3915,95,48,141,59,272,125,AP,AP\AP2.xml
AP\AP20.jpg,1,AP04AS8753,100,261,165,275,272,363,AP,AP\AP20.xml
AP\AP21.jpg,1,AP31AT5064,120,99,229,129,272,173,AP,AP\AP21.xml
AP\AP22.jpg,1,AP16CH9545,74,229,172,248,272,363,AP,AP\AP22.xml
AP\AP23.jpg,1,AP39DL3537,78,223,136,234,272,363,AP,AP\AP23.xml
AP\AP24.jpg,1,AP07AD5555,90,265,183,285,272,363,AP,AP\AP24.xml
AP\AP25.jpg,1,AP26AM1260,90,250,173,267,272,363,AP,AP\AP25.xml
AP\AP26.jpg,1,AP31BR9501,96,45,179,63,272,213,AP,AP\AP26.xml
AP\AP27.jpg,1,AP31EF1155,98,197,174,216,272,363,AP,AP\AP27.xml
AP\AP29.jpg,1,AP31DF2833,105,1,183,16,269,141,AP,AP\AP29.xml
AP\AP3.jpg,1,AP2D4014,175,273,249,320,272,363,AP,AP\AP3.xml
AP\AP30.jpg,1,AP31DT9378,90,276,173,292,272,483,AP,AP\AP30.xml
AP\AP33.jpg,1,AP31DA0020,98,231,182,251,272,484,AP,AP\AP33.xml
AP\AP34.jpg,1,AP37EJ2277,98,7,183,22,267,94,AP,AP\AP34.xml
AP\AP39.jpg,1,AP05DY3395,94,157,167,172,272,204,AP,AP\AP39.xml
AP\AP4.jpg,1,AP39HZ0087,111,138,171,150,272,205,AP,AP\AP4.xml
AP\AP40.jpg,1,AP04BA4464,76,233,169,253,272,363,AP,AP\AP40.xml
AP\AP41.jpg,1,AP5CG6320,79,265,190,290,271,327,AP,AP\AP41.xml
AP\AP42.jpg,1,AP31TV6847,115,94,184,110,272,204,AP,AP\AP42.xml
AP\AP43.jpg,1,AP31BG7827,110,322,198,344,272,363,AP,AP\AP43.xml
AP\AP44.jpg,1,AP318L4935,95,251,159,270,272,363,AP,AP\AP44.xml
AP\AP45.jpg,1,AP31BL2833,98,231,182,263,272,483,AP,AP\AP45.xml
AP\AP46.jpg,1,AP31CS2511,74,262,180,287,272,411,AP,AP\AP46.xml
AP\AP5.jpg,1,AP39TP0211,93,163,155,179,272,363,AP,AP\AP5.xml
AP\AP6.jpg,1,AP31TV7236,98,221,176,239,272,262,AP,AP\AP6.xml
AP\AP7.jpg,1,AP31BL8656,79,223,158,240,272,366,AP,AP\AP7.xml
AP\AP8.jpg,1,AP16DP7065,100,220,172,237,272,366,AP,AP\AP8.xml
AR\AR1.jpg,1,AR048395,99,110,156,122,272,153,AR,AR\AR1.xml
AR\AR10.jpg,1,AR152019,34,171,88,188,272,363,AR,AR\AR10.xml
AR\AR11.jpg,1,AR01J0123,26,415,217,447,272,597,AR,AR\AR11.xml
AR\AR12.jpg,1,AR118724,110,136,176,151,272,204,AR,AR\AR12.xml
AR\AR13.jpg,1,AR200692,93,35,180,56,272,119,AR,AR\AR13.xml
AR\AR2.jpg,1,AR01F2523,114,162,175,176,272,204,AR,AR\AR2.xml
AR\AR3.jpg,1,AR169723,54,234,97,261,272,363,AR,AR\AR3.xml
AR\AR4.jpg,1,AR01C5723,95,270,191,290,272,327,AR,AR\AR4.xml
AR\AR6.jpg,1,AR168272,129,161,198,183,214,204,AR,AR\AR6.xml
AR\AR7.jpg,1,AR02A7116,86,57,163,75,272,154,AR,AR\AR7.xml
AR\AR8.jpg,1,AR08983,32,299,73,316,272,592,AR,AR\AR8.xml
AR\AR9.jpg,1,AR01E1034,99,267,188,286,272,363,AR,AR\AR9.xml
AS\AS1.jpg,1,AS23H2866,143,251,216,271,272,363,AS,AS\AS1.xml
AS\AS10.jpg,1,AS01DG6002,99,358,177,379,272,603,AS,AS\AS10.xml
AS\AS11.jpg,1,AS01DS7523,80,94,120,104,231,143,AS,AS\AS11.xml
AS\AS13.jpg,1,AS25S6858,120,111,170,122,272,179,AS,AS\AS13.xml
AS\AS14.jpg,1,AS018P2415,42,159,91,170,133,204,AS,AS\AS14.xml
AS\AS15.jpg,1,AS01BF9673,86,274,177,293,272,336,AS,AS\AS15.xml
AS\AS16.jpg,1,AS01AL3746,80,240,172,261,271,325,AS,AS\AS16.xml
AS\AS17.jpg,1,AS01AR1986,89,250,182,268,271,342,AS,AS\AS17.xml
AS\AS18.jpg,1,AS04P4549,95,219,148,233,272,370,AS,AS\AS18.xml
AS\AS19.jpg,1,AS06U1295,84,247,168,269,272,363,AS,AS\AS19.xml
AS\AS2.jpg,1,AS07AC6653,99,249,189,268,272,363,AS,AS\AS2.xml
AS\AS20.jpg,1,AS01AT8119,51,124,114,152,272,189,AS,AS\AS20.xml
AS\AS21.jpg,1,AS23X5585,112,190,181,206,272,363,AS,AS\AS21.xml
AS\AS22.jpg,1,AS01AN8668,101,280,166,298,272,481,AS,AS\AS22.xml
AS\AS23.jpg,1,AS19D9919,81,76,179,102,272,153,AS,AS\AS23.xml
AS\AS24.jpg,1,AS23G2612,90,343,183,366,272,539,AS,AS\AS24.xml
AS\AS25.jpg,1,AS01BS4362,96,144,166,162,272,204,AS,AS\AS25.xml
AS\AS26.jpg,1,AS06Z0841,106,135,168,149,272,204,AS,AS\AS26.xml
AS\AS3.jpg,1,AS23E0596,71,139,122,165,272,204,AS,AS\AS3.xml
AS\AS5.jpg,1,AS23H0770,94,316,189,346,272,575,AS,AS\AS5.xml
AS\AS6.jpg,1,AS12S6951,17,154,68,176,204,204,AS,AS\AS6.xml
AS\AS7.jpg,1,AS06Q4437,61,217,128,245,272,304,AS,AS\AS7.xml
AS\AS8.jpg,1,AS01AM1419,97,242,164,258,272,363,AS,AS\AS8.xml
AS\AS9.jpg,1,AS04X2780,100,135,172,151,272,204,AS,AS\AS9.xml
BR\BR10.jpg,1,BR32PA6558,112,235,192,255,272,363,BR,BR\BR10.xml
BR\BR11.jpg,1,BR02AF7424,77,211,141,225,272,363,BR,BR\BR11.xml
BR\BR12.jpg,1,BR03PA3803,106,130,154,141,272,153,BR,BR\BR12.xml
BR\BR13.jpg,1,BR01PL7594,97,196,166,213,272,363,BR,BR\BR13.xml
BR\BR14.jpg,1,BR01BL6628,21,185,68,223,272,363,BR,BR\BR14.xml
BR\BR15.jpg,1,BR01BR5435,77,123,145,165,272,204,BR,BR\BR15.xml
BR\BR16.jpg,1,BR33M0001,43,255,112,285,272,363,BR,BR\BR16.xml
BR\BR17.jpg,1,BF06P00006,90,233,154,250,272,363,BR,BR\BR17.xml
BR\BR18.jpg,1,BR01BD5042,91,338,198,360,272,484,BR,BR\BR18.xml
BR\BR3.jpg,1,BR01AZ6290,112,213,178,228,272,363,BR,BR\BR3.xml
BR\BR4.jpg,1,BR06U2470,37,322,134,351,272,605,BR,BR\BR4.xml
BR\BR5.jpg,1,BR01BE0777,100,297,169,311,272,363,BR,BR\BR5.xml
BR\BR6.jpg,1,BR7P3952,122,244,207,265,272,592,BR,BR\BR6.xml
BR\BR7.jpg,1,BR44E1206,99,301,181,316,272,363,BR,BR\BR7.xml
BR\BR8.jpg,1,BR01DG6692,99,132,161,145,272,153,BR,BR\BR8.xml
BR\BR9.jpg,1,BR01AW1250,168,219,218,240,272,363,BR,BR\BR9.xml
CG\CG1.jpg,1,CG04HD6930,102,262,192,283,270,332,CG,CG\CG1.xml
CG\CG10.jpg,1,CG22H7740,74,372,178,395,272,604,CG,CG\CG10.xml
CG\CG11.jpg,1,CG04HA4553,133,173,189,184,272,363,CG,CG\CG11.xml
CG\CG12.jpg,1,CG12AG1130,84,260,180,281,272,363,CG,CG\CG12.xml
CG\CG13.jpg,1,CG16B1802,92,245,177,267,272,363,CG,CG\CG13.xml
CG\CG14.jpg,1,CG09JA2359,91,136,138,145,272,204,CG,CG\CG14.xml
CG\CG15.jpg,1,CG07BR3255,109,130,166,142,272,204,CG,CG\CG15.xml
CG\CG16.jpg,1,CG07R2684,90,128,137,139,272,204,CG,CG\CG16.xml
CG\CG17.jpg,1,CG07MA2529,103,122,155,135,272,204,CG,CG\CG17.xml
CG\CG18.jpg,1,CG07CA7784,111,247,212,288,272,363,CG,CG\CG18.xml
CG\CG19.jpg,1,CG07MA7848,106,205,170,220,272,363,CG,CG\CG19.xml
CG\CG20.jpg,1,CG251612,73,126,136,140,272,204,CG,CG\CG20.xml
CG\CG21.jpg,1,CG04FJ5834,106,156,165,169,272,204,CG,CG\CG21.xml
CG\CG22.jpg,1,CG13AE4060,94,237,173,255,272,291,CG,CG\CG22.xml
CG\CG4.jpg,1,CG04HV7009,104,140,175,153,272,153,CG,CG\CG4.xml
CG\CG6.jpg,1,CG22AB1111,116,118,161,129,272,153,CG,CG\CG6.xml
CG\CG7.jpg,1,CG08K2057,76,372,165,390,272,575,CG,CG\CG7.xml
CG\CG8.jpg,1,CG04H5060,90,171,181,194,272,363,CG,CG\CG8.xml
CG\CG9.jpg,1,CG04HC4887,86,196,182,220,272,363,CG,CG\CG9.xml
CH\CH1.jpg,1,CH01BQ5604,34,132,69,145,272,174,CH,CH\CH1.xml
CH\CH10.jpg,1,CH01AB4559,81,301,175,321,272,503,CH,CH\CH10.xml
CH\CH2.jpg,1,CH01BL3528,109,140,189,160,272,204,CH,CH\CH2.xml
CH\CH3.jpg,1,CH03K7672,55,270,144,291,272,363,CH,CH\CH3.xml
CH\CH4.jpg,1,CH01AX9090,96,192,192,218,272,259,CH,CH\CH4.xml
CH\CH5.jpg,1,CH01AP4538,112,171,178,185,272,204,CH,CH\CH5.xml
CH\CH6.jpg,1,CH01AZ2642,108,149,178,166,272,204,CH,CH\CH6.xml
CH\CH7.jpg,1,CH01AL4920,96,160,204,186,272,204,CH,CH\CH7.xml
CH\CH8.jpg,1,CH01A09331,59,184,140,201,272,204,CH,CH\CH8.xml
CH\CH9.jpg,1,CH01AF1382,108,105,162,118,272,204,CH,CH\CH9.xml
DL\DL1.jpg,1,DL6CJ8404,89,235,176,255,272,363,DL,DL\DL1.xml
DL\DL10.jpg,1,DL9CAE1359,98,215,161,228,272,363,DL,DL\DL10.xml
DL\DL11.jpg,1,DL9CAP8884,90,219,180,241,272,363,DL,DL\DL11.xml
DL\DL12.jpg,1,DL5CH7599,101,229,185,251,272,363,DL,DL\DL12.xml
DL\DL13.jpg,1,DL12CJ9823,94,235,175,254,272,363,DL,DL\DL13.xml
DL\DL14.jpg,1,DL9CAU4743,89,217,165,235,272,363,DL,DL\DL14.xml
DL\DL15.jpg,1,DL8CZ7230,164,162,226,189,272,292,DL,DL\DL15.xml
DL\DL16.jpg,1,DL9CAV1739,91,227,167,244,272,484,DL,DL\DL16.xml
DL\DL18.jpg,1,DL1CS8739,98,217,167,233,272,363,DL,DL\DL18.xml
DL\DL19.jpg,1,DL1CT2782,102,162,181,177,272,204,DL,DL\DL19.xml
DL\DL2.jpg,1,DL6CR7002,96,114,171,131,272,204,DL,DL\DL2.xml
DL\DL20.jpg,1,DL12CL2555,107,115,175,130,272,204,DL,DL\DL20.xml
DL\DL21.jpg,1,DL12CS7886,95,242,185,260,272,363,DL,DL\DL21.xml
DL\DL22.jpg,1,DL6CL0457,104,230,168,245,272,363,DL,DL\DL22.xml
DL\DL23.jpg,1,DL2CAX2886,75,256,186,287,272,364,DL,DL\DL23.xml
DL\DL24.jpg,1,DL3CCK8019,94,237,178,253,272,363,DL,DL\DL24.xml
DL\DL25.jpg,1,DL9C0S1537,123,148,183,169,272,204,DL,DL\DL25.xml
DL\DL26.jpg,1,DL11CA4900,90,285,193,308,272,363,DL,DL\DL26.xml
DL\DL27.jpg,1,DL10CA0986,93,373,192,401,272,589,DL,DL\DL27.xml
DL\DL28.jpg,1,DL40NA7238,103,259,170,277,272,364,DL,DL\DL28.xml
DL\DL29.jpg,1,DL8CAL4134,103,276,177,300,272,364,DL,DL\DL29.xml
DL\DL3.jpg,1,DL8CAU6883,118,290,190,307,272,484,DL,DL\DL3.xml
DL\DL30.jpg,1,DL10C05520,169,207,221,229,270,347,DL,DL\DL30.xml
DL\DL31.jpg,1,DL8CNA1596,202,226,248,245,272,363,DL,DL\DL31.xml
DL\DL32.jpg,1,DL2CAR0108,114,151,167,164,272,363,DL,DL\DL32.xml
DL\DL33.jpg,1,DL4CNA7231,94,272,168,291,272,364,DL,DL\DL33.xml
DL\DL34.jpg,1,DL8CNA5085,159,144,213,173,272,188,DL,DL\DL34.xml
DL\DL35.jpg,1,DL3CBS5881,78,306,155,324,272,483,DL,DL\DL35.xml
DL\DL38.jpg,1,DL4CAQ3231,101,145,166,160,272,204,DL,DL\DL38.xml
DL\DL4.jpg,1,DL9CAU5573,90,228,171,246,270,336,DL,DL\DL4.xml
DL\DL5.jpg,1,DL12CN8660,80,278,182,300,272,363,DL,DL\DL5.xml
DL\DL6.jpg,1,DL4CAM9066,90,201,178,222,272,403,DL,DL\DL6.xml
DL\DL7.jpg,1,DL12CK8643,98,214,170,230,272,305,DL,DL\DL7.xml
DL\DL8.jpg,1,DL10CH1252,118,147,176,161,272,204,DL,DL\DL8.xml
DL\DL9.jpg,1,DL2CH8634,94,96,147,108,272,134,DL,DL\DL9.xml
DN\DN1.jpg,1,DN09H2191,95,208,174,225,272,363,DN,DN\DN1.xml
DN\DN2.jpg,1,DN09J1548,102,107,148,116,272,136,DN,DN\DN2.xml
DN\DN3.jpg,1,DN09H0968,71,247,189,274,272,363,DN,DN\DN3.xml
DN\DN4.jpg,1,DN09J0032,91,206,182,228,270,505,DN,DN\DN4.xml
DN\DN5.jpg,1,DN09D2724,77,302,178,323,272,592,DN,DN\DN5.xml
DN\DN6.jpg,1,DN0901438,74,70,130,83,272,153,DN,DN\DN6.xml
DN\DN7.jpg,1,DN0909704,106,362,179,381,272,585,DN,DN\DN7.xml
DN\DN8.jpg,1,DN09C0868,55,268,133,291,272,484,DN,DN\DN8.xml
GA\GA1.jpg,1,GA03R9230,129,207,177,224,272,363,GA,GA\GA1.xml
GA\GA10.jpg,1,GA01R6315,86,170,157,203,272,311,GA,GA\GA10.xml
GA\GA11.jpg,1,GA03P2839,46,330,95,359,271,495,GA,GA\GA11.xml
GA\GA12.jpg,1,GA03Y9512,99,185,170,205,272,272,GA,GA\GA12.xml
GA\GA13.jpg,1,GA07K6090,163,153,217,171,272,242,GA,GA\GA13.xml
GA\GA2.jpg,1,GA08M0184,99,299,200,328,272,590,GA,GA\GA2.xml
GA\GA3.jpg,1,GA01S5594,106,274,164,287,272,363,GA,GA\GA3.xml
GA\GA4.jpg,1,GA01C2098,119,252,227,307,272,363,GA,GA\GA4.xml
GA\GA5.jpg,1,GA01E5947,100,155,187,172,272,204,GA,GA\GA5.xml
GA\GA6.jpg,1,GA02J2129,95,343,185,362,272,604,GA,GA\GA6.xml
GA\GA7.jpg,1,GA07K7150,46,109,104,127,272,226,GA,GA\GA7.xml
GA\GA8.jpg,1,GA05B5077,141,57,208,92,272,119,GA,GA\GA8.xml
GA\GA9.jpg,1,GA06E3855,93,251,167,269,272,363,GA,GA\GA9.xml
GJ\GJ1.jpg,1,GJ7AG4373,42,286,106,321,264,469,GJ,GJ\GJ1.xml
GJ\GJ10.jpg,1,GJ01RA8370,117,149,164,160,272,204,GJ,GJ\GJ10.xml
GJ\GJ11.jpg,1,GJ06HS1855,90,241,196,273,272,581,GJ,GJ\GJ11.xml
GJ\GJ12.jpg,1,GJ06PA0097,101,136,173,154,272,204,GJ,GJ\GJ12.xml
GJ\GJ13.jpg,1,GJ06KP8508,94,143,180,163,272,204,GJ,GJ\GJ13.xml
GJ\GJ14.jpg,1,GJ06DG9355,100,151,171,165,272,204,GJ,GJ\GJ14.xml
GJ\GJ15.jpg,1,GJ01HS1902,104,148,164,163,272,204,GJ,GJ\GJ15.xml
GJ\GJ16.jpg,1,GJ01KC9959,105,149,177,165,272,204,GJ,GJ\GJ16.xml
GJ\GJ17.jpg,1,GJ06DQ3712,101,146,182,164,272,204,GJ,GJ\GJ17.xml
GJ\GJ18.jpg,1,GJ01RN4259,107,150,176,165,272,204,GJ,GJ\GJ18.xml
GJ\GJ2.jpg,1,GJ15CB3980,89,185,176,210,272,484,GJ,GJ\GJ2.xml
GJ\GJ20.jpg,1,GJ01RK2430,122,123,182,138,272,181,GJ,GJ\GJ20.xml
GJ\GJ21.jpg,1,GJ12CG2526,94,193,176,212,272,278,GJ,GJ\GJ21.xml
GJ\GJ22.jpg,1,GJ18BD5216,113,116,177,130,272,204,GJ,GJ\GJ22.xml
GJ\GJ23.jpg,1,GJ01RS0198,116,117,175,130,272,204,GJ,GJ\GJ23.xml
GJ\GJ24.jpg,1,GJ23CC8798,102,348,172,365,272,581,GJ,GJ\GJ24.xml
GJ\GJ25.jpg,1,GJ01HM5887,108,135,167,151,272,153,GJ,GJ\GJ25.xml
GJ\GJ26.jpg,1,GJ09AG8384,84,263,179,283,272,333,GJ,GJ\GJ26.xml
GJ\GJ27.jpg,1,GJ18BK6705,107,144,160,157,272,204,GJ,GJ\GJ27.xml
GJ\GJ28.jpg,1,GJ05JB6589,121,136,183,163,272,204,GJ,GJ\GJ28.xml
GJ\GJ29.jpg,1,GJ01RM3413,105,140,165,153,272,204,GJ,GJ\GJ29.xml
GJ\GJ4.jpg,1,GJ06JE4788,103,251,178,271,272,363,GJ,GJ\GJ4.xml
GJ\GJ5.jpg,1,GJ1SCG7928,92,267,174,285,272,350,GJ,GJ\GJ5.xml
GJ\GJ6.jpg,1,GJ06FK2977,95,150,177,168,272,204,GJ,GJ\GJ6.xml
GJ\GJ7.jpg,1,GJ34B9811,110,134,187,151,272,204,GJ,GJ\GJ7.xml
GJ\GJ8.jpg,1,GJ16CH9827,98,148,172,164,272,204,GJ,GJ\GJ8.xml
GJ\GJ9.jpg,1,GJ05RE8119,90,189,173,206,272,286,GJ,GJ\GJ9.xml
HP\HP1.jpg,1,HP12H1324,121,230,178,242,272,363,HP,HP\HP1.xml
HP\HP10.jpg,1,HP52B5958,102,352,165,368,272,590,HP,HP\HP10.xml
HP\HP11.jpg,1,HP12H7917,102,130,173,144,272,204,HP,HP\HP11.xml
HP\HP12.jpg,1,HP36E3330,77,250,145,291,272,363,HP,HP\HP12.xml
HP\HP13.jpg,1,HP34C8986,54,354,185,385,272,590,HP,HP\HP13.xml
HP\HP14.jpg,1,HP3SG1539,98,256,199,271,272,363,HP,HP\HP14.xml
HP\HP15.jpg,1,HP22E8000,111,156,170,169,272,214,HP,HP\HP15.xml
HP\HP16.jpg,1,HP302165,81,124,131,137,272,204,HP,HP\HP16.xml
HP\HP17.jpg,1,HP20E3953,79,245,176,265,272,363,HP,HP\HP17.xml
HP\HP18.jpg,1,HP24C8D32,140,283,183,293,272,363,HP,HP\HP18.xml
HP\HP19.jpg,1,HP54C6564,105,183,167,197,272,306,HP,HP\HP19.xml
HP\HP2.jpg,1,HP16A2014,113,295,231,317,272,363,HP,HP\HP2.xml
HP\HP20.jpg,1,HP2020TR6255G,44,158,98,175,153,272,HP,HP\HP20.xml
HP\HP21.jpg,1,HP40B8992,76,290,169,327,272,544,HP,HP\HP21.xml
HP\HP22.jpg,1,HP64B3380,85,198,157,215,272,363,HP,HP\HP22.xml
HP\HP3.jpg,1,HP666807,80,278,167,303,272,363,HP,HP\HP3.xml
HP\HP4.jpg,1,HP48B2252,60,227,132,246,272,363,HP,HP\HP4.xml
HP\HP5.jpg,1,HP01N0304,89,187,175,205,272,363,HP,HP\HP5.xml
HP\HP6.jpg,1,HP01A7630,30,97,74,111,191,139,HP,HP\HP6.xml
HP\HP7.jpg,1,HP12C3766,70,283,158,310,272,363,HP,HP\HP7.xml
HP\HP8.jpg,1,HP719898,104,166,178,188,272,363,HP,HP\HP8.xml
HP\HP9.jpg,1,HP23A6365,86,194,160,218,272,297,HP,HP\HP9.xml
HR\HR1.jpg,1,HR26BQ8176,101,273,181,289,272,363,HR,HR\HR1.xml
HR\HR10.jpg,1,HR26BY4812,93,123,184,144,272,244,HR,HR\HR10.xml
HR\HR11.jpg,1,HR01H4731,95,250,196,273,270,331,HR,HR\HR11.xml
HR\HR12.jpg,1,HR29R9466,149,275,198,294,272,331,HR,HR\HR12.xml
HR\HR13.jpg,1,HR51AQ0911,101,245,180,265,272,363,HR,HR\HR13.xml
HR\HR14.jpg,1,HR51BU8218,84,266,185,289,272,482,HR,HR\HR14.xml
HR\HR15.jpg,1,HR29K7840,94,221,157,239,272,327,HR,HR\HR15.xml
HR\HR16.jpg,1,HR56B2626,140,264,224,295,272,363,HR,HR\HR16.xml
HR\HR17.jpg,1,HR26BK8597,91,282,180,306,272,603,HR,HR\HR17.xml
HR\HR18.jpg,1,HR26DM2296,96,333,164,352,272,605,HR,HR\HR18.xml
HR\HR19.jpg,1,HR29AQ4939,100,147,167,161,271,185,HR,HR\HR19.xml
HR\HR2.jpg,1,HR71F9259,109,137,184,153,272,204,HR,HR\HR2.xml
HR\HR20.jpg,1,HR26EJ7668,101,238,190,254,272,363,HR,HR\HR20.xml
HR\HR21.jpg,1,HR4281329,95,109,165,123,272,153,HR,HR\HR21.xml
HR\HR22.jpg,1,HR09G8378,74,215,136,233,265,329,HR,HR\HR22.xml
HR\HR3.jpg,1,HR29W8286,104,136,180,154,272,204,HR,HR\HR3.xml
HR\HR4.jpg,1,HR10AE9885,98,217,186,241,272,300,HR,HR\HR4.xml
HR\HR5.jpg,1,HR26CC7676,93,140,165,156,272,204,HR,HR\HR5.xml
HR\HR6.jpg,1,HR26DJ8832,102,266,172,282,272,363,HR,HR\HR6.xml
HR\HR7.jpg,1,HR01W0080,112,120,171,135,272,153,HR,HR\HR7.xml
HR\HR8.jpg,1,HR20X8432,95,288,186,309,272,484,HR,HR\HR8.xml
HR\HR9.jpg,1,HR29AS0015,104,210,168,224,272,315,HR,HR\HR9.xml
JH\JH1.jpg,1,JH01Z3792,77,328,225,356,272,363,JH,JH\JH1.xml
JH\JH10.jpg,1,JH02AD2533,123,289,173,304,272,604,JH,JH\JH10.xml
JH\JH11.jpg,1,JH01BC5210,141,300,202,315,272,571,JH,JH\JH11.xml
JH\JH12.jpg,1,JH01AX5392,78,306,165,332,272,604,JH,JH\JH12.xml
JH\JH13.jpg,1,JH01AM2354,108,231,181,247,270,332,JH,JH\JH13.xml
JH\JH14.jpg,1,JH10BV1496,100,276,182,293,272,364,JH,JH\JH14.xml
JH\JH15.jpg,1,JH08C0625,92,127,178,146,272,204,JH,JH\JH15.xml
JH\JH16.jpg,1,JH10S5378,65,313,170,347,272,604,JH,JH\JH16.xml
JH\JH17.jpg,1,JH01AR2011,108,143,161,155,270,184,JH,JH\JH17.xml
JH\JH18.jpg,1,JH05S3291,121,278,169,293,272,363,JH,JH\JH18.xml
JH\JH19.jpg,1,JH05Y9636,109,77,191,94,271,132,JH,JH\JH19.xml
JH\JH2.jpg,1,JH01AM0100,97,268,180,284,272,427,JH,JH\JH2.xml
JH\JH3.jpg,1,JH01DB1881,108,131,167,145,272,204,JH,JH\JH3.xml
JH\JH5.jpg,1,JH09AA2570,170,139,227,166,272,204,JH,JH\JH5.xml
JH\JH6.jpg,1,JH02AH0750,87,151,139,163,272,204,JH,JH\JH6.xml
JH\JH7.jpg,1,JH01BX0013,113,81,167,93,272,126,JH,JH\JH7.xml
JH\JH8.jpg,1,JH04C7104,102,267,173,281,272,482,JH,JH\JH8.xml
JH\JH9.jpg,1,JH01BU9956,114,140,169,153,272,153,JH,JH\JH9.xml
JK\JK1.jpg,1,JK02BF5058,101,209,185,231,272,363,JK,JK\JK1.xml
JK\JK10.jpg,1,JK02AK8967,108,168,187,187,272,204,JK,JK\JK10.xml
JK\JK11.jpg,1,JK03D7750,94,340,164,358,272,593,JK,JK\JK11.xml
JK\JK12.jpg,1,JK01AD3147,106,241,180,259,268,328,JK,JK\JK12.xml
JK\JK13.jpg,1,JK01AF7715,88,176,185,196,272,257,JK,JK\JK13.xml
JK\JK14.jpg,1,JK11D8143,75,372,179,395,272,484,JK,JK\JK14.xml
JK\JK15.jpg,1,JK02AJ1525,93,183,168,199,272,363,JK,JK\JK15.xml
JK\JK16.jpg,1,JK09B7745,79,236,196,260,272,363,JK,JK\JK16.xml
JK\JK17.jpg,1,JK02AS3888,67,269,180,293,272,363,JK,JK\JK17.xml
JK\JK18.jpg,1,JK1182360,96,359,164,377,272,604,JK,JK\JK18.xml
JK\JK19.jpg,1,JK127959,138,174,203,214,272,363,JK,JK\JK19.xml
JK\JK2.jpg,1,JK02BJ7997,82,143,191,173,270,219,JK,JK\JK2.xml
JK\JK20.jpg,1,JK02BJ4045,3,217,70,251,272,363,JK,JK\JK20.xml
JK\JK22.jpg,1,JK01AL4613,99,135,155,150,272,204,JK,JK\JK22.xml
JK\JK23.jpg,1,JK02CC0447,76,194,159,218,270,322,JK,JK\JK23.xml
JK\JK24.jpg,1,JK02BN3088,105,242,179,257,272,363,JK,JK\JK24.xml
JK\JK26.jpg,1,JK02AG2454,129,256,214,285,272,363,JK,JK\JK26.xml
JK\JK27.jpg,1,JK01D8354,163,227,243,262,272,363,JK,JK\JK27.xml
JK\JK28.jpg,1,JK10A5217,143,254,219,291,266,332,JK,JK\JK28.xml
JK\JK29.jpg,1,JK01AF0310,70,333,172,358,272,604,JK,JK\JK29.xml
JK\JK3.jpg,1,JK02BL1212,104,169,171,185,272,204,JK,JK\JK3.xml
JK\JK30.jpg,1,JK02ACB876,24,185,78,199,272,204,JK,JK\JK30.xml
JK\JK31.jpg,1,JK03A8042,105,142,159,153,272,204,JK,JK\JK31.xml
JK\JK32.jpg,1,JK13C4452,163,199,211,219,271,220,JK,JK\JK32.xml
JK\JK34.jpg,1,JK10B2313,128,270,199,294,272,363,JK,JK\JK34.xml
JK\JK35.jpg,1,JK10A4638,96,259,173,276,270,448,JK,JK\JK35.xml
JK\JK36.jpg,1,JK072483,137,286,203,322,272,484,JK,JK\JK36.xml
JK\JK4.jpg,1,JK01M4723,55,296,145,335,271,503,JK,JK\JK4.xml
JK\JK5.jpg,1,JK05H3594,83,330,167,352,272,598,JK,JK\JK5.xml
JK\JK6.jpg,1,JK01R8021,158,245,220,275,272,363,JK,JK\JK6.xml
JK\JK7.jpg,1,JK11B4928,142,233,218,253,272,363,JK,JK\JK7.xml
JK\JK8.jpg,1,JK02W2657,100,253,183,270,269,333,JK,JK\JK8.xml
JK\JK9.jpg,1,JK02CD0461,79,221,159,240,266,332,JK,JK\JK9.xml
KA\KA1.jpg,1,KA03MQ6984,100,159,167,177,272,247,KA,KA\KA1.xml
KA\KA10.jpg,1,KA04MG7528,98,165,172,184,272,250,KA,KA\KA10.xml
KA\KA11.jpg,1,KA04MK0368,101,151,167,165,272,204,KA,KA\KA11.xml
KA\KA12.jpg,1,KA02MF3336,98,111,169,128,272,204,KA,KA\KA12.xml
KA\KA16.jpg,1,KA03NC7167,93,183,182,200,272,255,KA,KA\KA16.xml
KA\KA17.jpg,1,KA01MG1660,116,231,182,246,272,327,KA,KA\KA17.xml
KA\KA18.jpg,1,KA04MK312,105,128,154,138,272,204,KA,KA\KA18.xml
KA\KA19.jpg,1,KA03MQ6984,101,158,167,176,272,247,KA,KA\KA19.xml
KA\KA2.jpg,1,KA05MF1762,108,133,170,148,272,204,KA,KA\KA2.xml
KA\KA20.jpg,1,KA19MF1763,77,281,169,302,272,363,KA,KA\KA20.xml
KA\KA21.jpg,1,KA28M3589,105,319,174,337,272,604,KA,KA\KA21.xml
KA\KA23.jpg,1,KA51ML4025,106,238,158,249,272,363,KA,KA\KA23.xml
KA\KA24.jpg,1,KA25P5080,140,156,209,176,272,216,KA,KA\KA24.xml
KA\KA25.jpg,1,KA38M8037,65,344,178,370,271,546,KA,KA\KA25.xml
KA\KA3.jpg,1,KA06C9590,70,236,144,261,270,447,KA,KA\KA3.xml
KA\KA4.jpg,1,KA38M8037,65,344,177,370,271,558,KA,KA\KA4.xml
KA\KA5.jpg,1,KA53P7604,108,130,169,144,272,204,KA,KA\KA5.xml
KA\KA7.jpg,1,KA51P7755,128,154,167,162,272,204,KA,KA\KA7.xml
KA\KA8.jpg,1,KA51D9662,113,162,192,180,272,204,KA,KA\KA8.xml
KA\KA9.jpg,1,KA01MB9714,100,261,168,275,272,363,KA,KA\KA9.xml
KL\KL10.jpg,1,KL45C4411,58,201,130,230,272,363,KL,KL\KL10.xml
KL\KL11.jpg,1,KL0BBJ5001,92,242,179,261,272,363,KL,KL\KL11.xml
KL\KL14.jpg,1,KL03S6394,154,224,223,261,272,363,KL,KL\KL14.xml
KL\KL15.jpg,1,KL43G6619,141,225,223,259,272,363,KL,KL\KL15.xml
KL\KL16.jpg,1,KL43D4444,95,222,179,242,272,363,KL,KL\KL16.xml
KL\KL19.jpg,1,KL43D4389,104,120,155,131,272,204,KL,KL\KL19.xml
KL\KL3.jpg,1,KL02AF6723,39,216,87,243,272,370,KL,KL\KL3.xml
KL\KL4.jpg,1,KL27D9809,86,232,161,248,272,363,KL,KL\KL4.xml
KL\KL5.jpg,1,KL34A7564,100,158,162,171,272,233,KL,KL\KL5.xml
KL\KL6.jpg,1,KL46R3613,91,229,169,244,272,363,KL,KL\KL6.xml
KL\KL7.jpg,1,KL41M93,113,134,162,146,272,204,KL,KL\KL7.xml
KL\KL8.jpg,1,KL07BU7707,124,207,200,223,272,363,KL,KL\KL8.xml
KL\KL9.jpg,1,KL16U8863,104,188,181,201,272,272,KL,KL\KL9.xml
LA\LA1.jpg,1,LA020749,79,183,144,203,272,363,LA,LA\LA1.xml
MH\MH1.jpg,1,MH06AB8620,98,126,178,145,271,168,MH,MH\MH1.xml
MH\MH10.jpg,1,MH11CQ8516,90,307,182,325,270,334,MH,MH\MH10.xml
MH\MH11.jpg,1,MH36H5700,110,192,159,202,272,363,MH,MH\MH11.xml
MH\MH12.jpg,1,MH12NJ5838,87,287,189,305,270,340,MH,MH\MH12.xml
MH\MH13.jpg,1,MH05BS3471,103,331,176,349,272,589,MH,MH\MH13.xml
MH\MH14.jpg,1,MH43X8997,94,222,183,239,272,283,MH,MH\MH14.xml
MH\MH15.jpg,1,MH05EQ4066,68,232,170,258,272,363,MH,MH\MH15.xml
MH\MH16.jpg,1,MH12GR862,106,245,171,264,272,327,MH,MH\MH16.xml
MH\MH17.jpg,1,MH01BT7906,106,340,170,357,272,484,MH,MH\MH17.xml
MH\MH18.jpg,1,MH12HN4507,104,319,165,336,272,544,MH,MH\MH18.xml
MH\MH19.jpg,1,MH12KN8366,96,323,183,347,272,591,MH,MH\MH19.xml
MH\MH2.jpg,1,MH48AK2798,93,165,157,179,209,191,MH,MH\MH2.xml
MH\MH20.jpg,1,MH12KJ7659,101,233,179,249,272,300,MH,MH\MH20.xml
MH\MH21.jpg,1,MH04DR8508,99,367,186,389,272,589,MH,MH\MH21.xml
MH\MH22.jpg,1,MH05CH1754,106,83,150,93,272,127,MH,MH\MH22.xml
MH\MH23.jpg,1,MH49AS5099,108,145,164,157,272,204,MH,MH\MH23.xml
MH\MH24.jpg,1,MH04HF5092,90,173,178,190,272,229,MH,MH\MH24.xml
MH\MH25.jpg,1,MH12FK1392,89,264,178,284,272,363,MH,MH\MH25.xml
MH\MH26.jpg,1,MH12HF5057,100,212,171,228,272,274,MH,MH\MH26.xml
MH\MH3.jpg,1,MH48AC6244,103,234,168,249,272,363,MH,MH\MH3.xml
MH\MH4.jpg,1,MH12MF6822,92,190,176,207,271,487,MH,MH\MH4.xml
MH\MH6.jpg,1,MH47N0712,111,225,173,240,272,363,MH,MH\MH6.xml
MH\MH7.jpg,1,MH12KY6921,94,221,184,237,272,284,MH,MH\MH7.xml
MH\MH8.jpg,1,MH02DN7410,103,151,172,172,272,204,MH,MH\MH8.xml
ML\ML1.jpg,1,ML05F6894,93,65,165,82,271,129,ML,ML\ML1.xml
ML\ML10.jpg,1,ML06A1659,126,152,178,164,268,180,ML,ML\ML10.xml
ML\ML11.jpg,1,ML05L1434,46,77,115,106,272,193,ML,ML\ML11.xml
ML\ML12.jpg,1,ML05F9854,105,163,182,181,272,204,ML,ML\ML12.xml
ML\ML13.jpg,1,ML05H1958,97,319,180,335,272,603,ML,ML\ML13.xml
ML\ML14.jpg,1,ML10B9308,135,17,205,37,272,369,ML,ML\ML14.xml
ML\ML15.jpg,1,ML111909,88,282,188,306,272,363,ML,ML\ML15.xml
ML\ML16.jpg,1,ML133317,25,87,76,115,272,136,ML,ML\ML16.xml
ML\ML17.jpg,1,ML05L5154,104,241,176,258,272,293,ML,ML\ML17.xml
ML\ML18.jpg,1,ML10B4503,69,417,163,444,272,604,ML,ML\ML18.xml
ML\ML19.jpg,1,ML04C0056,104,298,188,319,272,483,ML,ML\ML19.xml
ML\ML2.jpg,1,ML05Q8790,89,247,189,265,272,363,ML,ML\ML2.xml
ML\ML20.jpg,1,ML137827,128,252,206,272,272,363,ML,ML\ML20.xml
ML\ML21.jpg,1,ML05J3288,103,210,174,227,270,243,ML,ML\ML21.xml
ML\ML22.jpg,1,ML1032811,106,196,163,211,272,363,ML,ML\ML22.xml
ML\ML23.jpg,1,ML05R1934,83,201,180,222,272,323,ML,ML\ML23.xml
ML\ML24.jpg,1,ML0563550,109,116,163,130,271,182,ML,ML\ML24.xml
ML\ML25.jpg,1,ML04B8389,105,204,176,221,272,425,ML,ML\ML25.xml
ML\ML26.jpg,1,ML068346,93,249,171,271,272,363,ML,ML\ML26.xml
ML\ML27.jpg,1,ML05K9494,115,210,179,226,272,363,ML,ML\ML27.xml
ML\ML28.jpg,1,ML08C8061,72,234,158,255,272,363,ML,ML\ML28.xml
ML\ML29.jpg,1,ML04C4738,111,71,189,87,271,160,ML,ML\ML29.xml
ML\ML30.jpg,1,ML05C5389,49,222,106,236,167,363,ML,ML\ML30.xml
ML\ML31.jpg,1,ML05J8950,58,132,179,151,272,181,ML,ML\ML31.xml
ML\ML32.jpg,1,ML10C2674,94,346,174,364,272,590,ML,ML\ML32.xml
ML\ML33.jpg,1,ML04B8918,86,277,169,299,272,590,ML,ML\ML33.xml
ML\ML34.jpg,1,ML05H6564,103,153,181,170,271,404,ML,ML\ML34.xml
ML\ML35.jpg,1,ML05G3474,123,225,191,242,272,363,ML,ML\ML35.xml
ML\ML36.jpg,1,ML08B1100,116,225,176,244,272,363,ML,ML\ML36.xml
ML\ML37.jpg,1,ML08E9223,112,91,155,103,272,127,ML,ML\ML37.xml
ML\ML38.jpg,1,ML064696,97,269,202,298,272,484,ML,ML\ML38.xml
ML\ML39.jpg,1,ML05G6098,128,118,198,136,272,204,ML,ML\ML39.xml
ML\ML5.jpg,1,ML05D0571,103,221,158,234,272,363,ML,ML\ML5.xml
ML\ML7.jpg,1,ML069642,80,232,171,257,272,363,ML,ML\ML7.xml
ML\ML8.jpg,1,ML087084,189,233,260,274,272,363,ML,ML\ML8.xml
MN\MN2.jpg,1,MN05A6028,109,256,174,270,271,322,MN,MN\MN2.xml
MN\MN3.jpg,1,MN01G0297,81,175,150,191,272,363,MN,MN\MN3.xml
MN\MN4.jpg,1,MN06LA0861,103,9,159,22,272,87,MN,MN\MN4.xml
MN\MN5.jpg,1,MN01G5395,113,162,181,178,272,204,MN,MN\MN5.xml
MN\MN6.jpg,1,MN01K5346,85,243,157,261,272,363,MN,MN\MN6.xml
MP\MP1.jpg,1,MP04CL3546,90,269,171,287,269,436,MP,MP\MP1.xml
MP\MP10.jpg,1,MP08CA6293,95,265,184,284,272,363,MP,MP\MP10.xml
MP\MP11.jpg,1,MP07CB8897,92,201,186,228,272,292,MP,MP\MP11.xml
MP\MP2.jpg,1,MP04CL8840,39,126,99,142,207,153,MP,MP\MP2.xml
MP\MP3.jpg,1,MP65C0654,93,206,167,223,272,363,MP,MP\MP3.xml
MP\MP4.jpg,1,MP09CK4943,99,199,158,213,272,363,MP,MP\MP4.xml
MP\MP5.jpg,1,MP20TA0919,101,230,171,244,272,363,MP,MP\MP5.xml
MP\MP6.jpg,1,MP07CA5563,91,239,178,256,272,363,MP,MP\MP6.xml
MP\MP7.jpg,1,MP09BD1270,97,230,181,253,272,484,MP,MP\MP7.xml
MP\MP8.jpg,1,MP09CQ9712,92,182,174,206,272,363,MP,MP\MP8.xml
MP\MP9.jpg,1,MP45G0872,189,216,248,248,272,471,MP,MP\MP9.xml
MZ\MZ1.jpg,1,MZ01G9825,119,98,181,112,272,125,MZ,MZ\MZ1.xml
NL\NL2.jpg,1,NL01CB433,77,303,178,332,271,333,NL,NL\NL2.xml
NL\NL3.jpg,1,NL078440,118,144,197,172,272,204,NL,NL\NL3.xml
NL\NL4.jpg,1,NL02C3947,176,387,233,420,271,555,NL,NL\NL4.xml
NL\NL5.jpg,1,NL07CA7631,51,360,122,406,272,604,NL,NL\NL5.xml
NL\NL6.jpg,1,NL02C9593,213,245,261,264,272,363,NL,NL\NL6.xml
NL\NL7.jpg,1,NL01T8152,96,233,166,249,272,272,NL,NL\NL7.xml
NL\NL8.jpg,1,NL07T0937,119,186,197,202,272,254,NL,NL\NL8.xml
NL\NL9.jpg,1,NL02C6709,69,418,167,446,272,572,NL,NL\NL9.xml
OD\OD10.jpg,1,OD05K6964,91,244,181,262,272,363,OD,OD\OD10.xml
OD\OD11.jpg,1,OR02BV0701,166,248,216,270,272,363,OD,OD\OD11.xml
OD\OD12.jpg,1,OR05AN4494,105,310,174,330,272,604,OD,OD\OD12.xml
OD\OD13.jpg,1,OD052323,97,95,156,110,272,129,OD,OD\OD13.xml
OD\OD14.jpg,1,OD02L4656,89,187,168,205,271,453,OD,OD\OD14.xml
OD\OD15.jpg,1,OD05Y5787,110,56,171,72,268,109,OD,OD\OD15.xml
OD\OD16.jpg,1,OR14U8730,83,331,171,351,272,604,OD,OD\OD16.xml
OD\OD17.jpg,1,OD14B7432,101,140,149,152,272,204,OD,OD\OD17.xml
OD\OD18.jpg,1,OD22J9911,65,124,131,134,181,153,OD,OD\OD18.xml
OD\OD19.jpg,1,OD11P6123,99,130,165,148,272,204,OD,OD\OD19.xml
OD\OD20.jpg,1,OD01Q4668,116,121,191,138,271,156,OD,OD\OD20.xml
OD\OD22.jpg,1,OR05AC0422,103,51,222,120,271,179,OD,OD\OD22.xml
OD\OD23.jpg,1,OR21E1033,108,118,161,129,193,153,OD,OD\OD23.xml
OD\OD24.jpg,1,OD02J0435,105,221,160,232,272,363,OD,OD\OD24.xml
OD\OD25.jpg,1,OD02AP3010,89,279,184,297,272,363,OD,OD\OD25.xml
OD\OD26.jpg,1,OD021481,106,190,199,215,272,363,OD,OD\OD26.xml
OD\OD27.jpg,1,OD25F7400,119,130,176,142,272,183,OD,OD\OD27.xml
OD\OD3.jpg,1,OD02V0007,107,82,165,97,272,153,OD,OD\OD3.xml
OD\OD4.jpg,1,OD02C2836,124,328,219,350,272,586,OD,OD\OD4.xml
OD\OD5.jpg,1,OD14E3131,105,195,181,211,272,236,OD,OD\OD5.xml
OD\OD6.jpg,1,OR08F1001,99,330,177,357,271,545,OD,OD\OD6.xml
OD\OD9.jpg,1,OD33L2616,103,228,195,250,272,363,OD,OD\OD9.xml
PB\PB1.jpg,1,PB11BG7347,94,214,187,239,272,544,PB,PB\PB1.xml
PB\PB10.jpg,1,PB11BN6101,102,356,193,377,272,588,PB,PB\PB10.xml
PB\PB11.jpg,1,PB08C03690,68,146,186,171,272,204,PB,PB\PB11.xml
PB\PB12.jpg,1,PB07BY3563,89,135,179,155,272,240,PB,PB\PB12.xml
PB\PB13.jpg,1,PB08DT7342,112,155,178,171,272,204,PB,PB\PB13.xml
PB\PB14.jpg,1,PB10EH0164,111,261,202,280,272,363,PB,PB\PB14.xml
PB\PB15.jpg,1,PB30L5010,99,293,171,310,272,484,PB,PB\PB15.xml
PB\PB17.jpg,1,PB23S8600,80,158,166,177,272,204,PB,PB\PB17.xml
PB\PB18.jpg,1,PB08BF6160,114,159,187,173,272,204,PB,PB\PB18.xml
PB\PB19.jpg,1,PB10CX0209,111,152,170,165,272,204,PB,PB\PB19.xml
PB\PB2.jpg,1,PB04S4253,112,213,173,225,272,363,PB,PB\PB2.xml
PB\PB20.jpg,1,PB31R8123,104,164,165,178,272,256,PB,PB\PB20.xml
PB\PB21.jpg,1,PB37A8269,72,363,168,396,272,581,PB,PB\PB21.xml
PB\PB22.jpg,1,PB06AN6162,103,147,190,166,272,204,PB,PB\PB22.xml
PB\PB23.jpg,1,PB02CC7299,122,112,163,123,272,153,PB,PB\PB23.xml
PB\PB24.jpg,1,PB02DY7380,85,262,168,279,272,363,PB,PB\PB24.xml
PB\PB25.jpg,1,PB10CK5005,124,232,185,246,272,363,PB,PB\PB25.xml
PB\PB26.jpg,1,PB04T0678,23,244,92,295,272,363,PB,PB\PB26.xml
PB\PB27.jpg,1,PB65AN2583,91,235,176,254,272,363,PB,PB\PB27.xml
PB\PB29.jpg,1,PB10EE0888,109,187,181,203,272,363,PB,PB\PB29.xml
PB\PB30.jpg,1,PB08DY4824,74,102,130,112,272,153,PB,PB\PB30.xml
PB\PB4.jpg,1,PB07BL8058,103,270,184,285,272,363,PB,PB\PB4.xml
PB\PB5.jpg,1,PB2313752,37,216,79,231,268,314,PB,PB\PB5.xml
PB\PB6.jpg,1,PB13AF6756,107,257,201,285,271,331,PB,PB\PB6.xml
PB\PB7.jpg,1,PB10DV5354,109,153,167,166,272,242,PB,PB\PB7.xml
PB\PB8.jpg,1,PB10CQ0006,89,242,175,263,272,363,PB,PB\PB8.xml
PB\PB9.jpg,1,PB35F9333,103,231,172,244,272,363,PB,PB\PB9.xml
PY\PY1.jpg,1,PY01Q7947,97,282,172,299,272,363,PY,PY\PY1.xml
PY\PY10.jpg,1,PY01CE4149,91,274,184,295,272,363,PY,PY\PY10.xml
PY\PY12.jpg,1,PY01AH9067,119,163,180,183,272,204,PY,PY\PY12.xml
PY\PY13.jpg,1,PY01CG2929,96,291,177,311,272,363,PY,PY\PY13.xml
PY\PY14.jpg,1,PY01CV2447,121,224,183,252,272,363,PY,PY\PY14.xml
PY\PY15.jpg,1,PY05A8339,101,225,170,241,272,342,PY,PY\PY15.xml
PY\PY16.jpg,1,PY01BU2406,103,164,168,178,272,204,PY,PY\PY16.xml
PY\PY17.jpg,1,PY02S9326,85,135,170,156,272,204,PY,PY\PY17.xml
PY\PY18.jpg,1,PY02L4602,96,217,161,234,272,363,PY,PY\PY18.xml
PY\PY2.jpg,1,PY01CM9549,91,264,189,285,269,333,PY,PY\PY2.xml
PY\PY3.jpg,1,PY01CM5400,87,244,168,264,272,484,PY,PY\PY3.xml
PY\PY4.jpg,1,PY02S7828,90,89,179,109,272,128,PY,PY\PY4.xml
PY\PY5.jpg,1,PY01AW2814,82,273,175,293,272,484,PY,PY\PY5.xml
PY\PY6.jpg,1,PY01AP0555,93,262,182,281,272,363,PY,PY\PY6.xml
PY\PY7.jpg,1,PY036993,116,312,188,331,272,364,PY,PY\PY7.xml
PY\PY8.jpg,1,PY01BD9020,100,396,207,427,272,568,PY,PY\PY8.xml
PY\PY9.jpg,1,PY055353,98,255,172,272,272,363,PY,PY\PY9.xml
RJ\RJ10.jpg,1,RJ14CM3730,98,277,175,295,272,363,RJ,RJ\RJ10.xml
RJ\RJ2.jpg,1,RJ14CW4115,99,116,174,137,272,363,RJ,RJ\RJ2.xml
RJ\RJ4.jpg,1,RJ20CD5118,87,250,183,272,272,363,RJ,RJ\RJ4.xml
RJ\RJ5.jpg,1,RJ14CF5807,90,200,180,224,272,287,RJ,RJ\RJ5.xml
RJ\RJ6.jpg,1,RJ23CB2272,154,261,229,295,272,484,RJ,RJ\RJ6.xml
RJ\RJ7.jpg,1,RJ23CB4320,89,255,183,277,272,363,RJ,RJ\RJ7.xml
RJ\RJ9.jpg,1,RJ20UB0137,101,261,171,275,272,363,RJ,RJ\RJ9.xml
SK\SK1.jpg,1,SK01PA2969,100,142,172,159,272,204,SK,SK\SK1.xml
SK\SK10.jpg,1,SK01PB5004,69,191,127,205,272,363,SK,SK\SK10.xml
SK\SK11.jpg,1,SK02P1078,90,293,161,308,272,363,SK,SK\SK11.xml
SK\SK12.jpg,1,SK01T3835,63,290,144,325,272,363,SK,SK\SK12.xml
SK\SK13.jpg,1,SK05T0338,107,124,172,140,272,153,SK,SK\SK13.xml
SK\SK2.jpg,1,SK01T3794,94,233,171,254,272,363,SK,SK\SK2.xml
SK\SK3.jpg,1,SK01PA7708,104,237,183,256,272,363,SK,SK\SK3.xml
SK\SK4.jpg,1,SK01PA4521,190,274,247,306,272,363,SK,SK\SK4.xml
SK\SK5.jpg,1,SK01PB3596,105,418,173,431,272,606,SK,SK\SK5.xml
SK\SK6.jpg,1,SK04P1320,99,259,177,278,272,484,SK,SK\SK6.xml
SK\SK7.jpg,1,SK02P3471,68,245,129,274,272,363,SK,SK\SK7.xml
SK\SK8.jpg,1,SK01PA5349,34,187,96,222,272,363,SK,SK\SK8.xml
SK\SK9.jpg,1,SK01T8791,96,306,190,326,272,363,SK,SK\SK9.xml
TN\TN1.jpg,1,TN63BV7954,107,222,162,238,272,363,TN,TN\TN1.xml
TN\TN10.jpg,1,TN69AJ4455,79,242,184,264,272,304,TN,TN\TN10.xml
TN\TN2.jpg,1,TN76V1978,101,283,171,299,272,484,TN,TN\TN2.xml
TN\TN3.jpg,1,TN02AU9295,88,306,184,330,272,590,TN,TN\TN3.xml
TN\TN4.jpg,1,TN10AR0131,93,149,173,168,272,204,TN,TN\TN4.xml
TN\TN5.jpg,1,TN47T4464,108,341,190,360,272,606,TN,TN\TN5.xml
TN\TN6.jpg,1,TN19F0816,99,88,191,110,271,170,TN,TN\TN6.xml
TN\TN7.jpg,1,TN07BT5778,98,232,183,249,272,363,TN,TN\TN7.xml
TN\TN8.jpg,1,TN07AP0659,87,71,171,93,272,230,TN,TN\TN8.xml
TN\TN9.jpg,1,TN19Q0835,88,279,169,297,272,586,TN,TN\TN9.xml
TR\TR1.jpg,1,TR05B0308,83,94,163,110,271,242,TR,TR\TR1.xml
TR\TR10.jpg,1,TR07D0569,93,329,185,348,272,604,TR,TR\TR10.xml
TR\TR2.jpg,1,TR03H0259,80,274,178,296,272,574,TR,TR\TR2.xml
TR\TR3.jpg,1,TR02L0569,143,228,208,246,272,363,TR,TR\TR3.xml
TR\TR4.jpg,1,TR01N0481,102,148,164,163,272,204,TR,TR\TR4.xml
TR\TR5.jpg,1,TR01X0482,83,393,185,417,272,484,TR,TR\TR5.xml
TR\TR6.jpg,1,TR01BG0365,105,93,152,104,272,125,TR,TR\TR6.xml
TR\TR7.jpg,1,TR03F0375,154,106,198,137,272,153,TR,TR\TR7.xml
TR\TR8.jpg,1,TR01E2157,106,36,164,57,271,187,TR,TR\TR8.xml
TR\TR9.jpg,1,TR01AS0609,88,313,171,337,272,590,TR,TR\TR9.xml
TS\TS1.jpg,1,TS08FQ1262,89,267,183,287,272,363,TS,TS\TS1.xml
TS\TS10.jpg,1,TS11EQ2914,84,300,182,322,272,605,TS,TS\TS10.xml
TS\TS11.jpg,1,TS08FZ8298,135,223,197,248,271,326,TS,TS\TS11.xml
TS\TS12.jpg,1,TS09UA7948,87,343,186,363,272,590,TS,TS\TS12.xml
TS\TS13.jpg,1,TS15ES0894,88,233,198,261,272,363,TS,TS\TS13.xml
TS\TS14.jpg,1,TS36H6578,86,279,160,296,271,481,TS,TS\TS14.xml
TS\TS15.jpg,1,TS13EK6213,89,156,165,170,272,178,TS,TS\TS15.xml
TS\TS16.jpg,1,TS07HM2684,9,318,92,417,272,577,TS,TS\TS16.xml
TS\TS2.jpg,1,TS07EL3335,112,232,172,247,272,363,TS,TS\TS2.xml
TS\TS3.jpg,1,TS09EZ9293,103,234,172,253,272,363,TS,TS\TS3.xml
TS\TS4.jpg,1,TS09EZ9296,109,208,172,224,272,363,TS,TS\TS4.xml
TS\TS5.jpg,1,TS09EA4088,106,232,173,246,272,363,TS,TS\TS5.xml
TS\TS6.jpg,1,TS18T3899,110,145,155,156,272,204,TS,TS\TS6.xml
TS\TS7.jpg,1,TS08EZ9463,100,229,178,247,272,363,TS,TS\TS7.xml
TS\TS8.jpg,1,TS09EG6565,92,339,179,360,272,608,TS,TS\TS8.xml
TS\TS9.jpg,1,TS21J8351,94,67,144,79,272,153,TS,TS\TS9.xml
UK\UK1.jpg,1,UK08W2276,91,217,167,236,272,363,UK,UK\UK1.xml
UK\UK10.jpg,1,UK07AA2432,78,250,168,269,272,336,UK,UK\UK10.xml
UK\UK2.jpg,1,UK06CB4595,30,415,155,470,272,604,UK,UK\UK2.xml
UK\UK3.jpg,1,UK185763,92,306,175,326,272,604,UK,UK\UK3.xml
UK\UK4.jpg,1,UP23K0008,89,348,180,368,272,606,UK,UK\UK4.xml
UK\UK5.jpg,1,UK106679,108,144,176,158,272,204,UK,UK\UK5.xml
UK\UK6.jpg,1,UK07055789,111,274,188,291,272,363,UK,UK\UK6.xml
UK\UK7.jpg,1,UK07AM5665,87,180,158,194,272,363,UK,UK\UK7.xml
UK\UK8.jpg,1,UK07BK5014,95,213,169,229,272,363,UK,UK\UK8.xml
UK\UK9.jpg,1,UK06J3953,96,334,173,353,272,363,UK,UK\UK9.xml
UP\UP1.jpg,1,UP57H8173,100,170,197,197,272,363,UP,UP\UP1.xml
UP\UP10.jpg,1,UP78DB3730,99,277,184,289,272,363,UP,UP\UP10.xml
UP\UP11.jpg,1,UP53AK1161,92,260,169,275,272,363,UP,UP\UP11.xml
UP\UP12.jpg,1,UP14CV7920,101,286,175,303,272,574,UP,UP\UP12.xml
UP\UP14.jpg,1,UP16BD4866,77,301,159,332,270,573,UP,UP\UP14.xml
UP\UP15.jpg,1,UP79L0567,74,333,176,360,272,604,UP,UP\UP15.xml
UP\UP16.jpg,1,UP32KW7325,75,295,152,320,272,546,UP,UP\UP16.xml
UP\UP17.jpg,1,UP32CX3400,91,231,179,252,272,363,UP,UP\UP17.xml
UP\UP19.jpg,1,UP45Q3028,108,214,187,234,272,604,UP,UP\UP19.xml
UP\UP2.jpg,1,UP85BN4203,94,176,174,194,272,363,UP,UP\UP2.xml
UP\UP20.jpg,1,UP14AK8604,102,151,174,168,272,204,UP,UP\UP20.xml
UP\UP21.jpg,1,UP52AH9705,101,286,192,317,272,604,UP,UP\UP21.xml
UP\UP22.jpg,1,UP11AY0646,106,280,186,294,272,363,UP,UP\UP22.xml
UP\UP23.jpg,1,UP78ED0449,96,184,165,198,272,365,UP,UP\UP23.xml
UP\UP24.jpg,1,UP27Z7322,76,254,161,273,272,363,UP,UP\UP24.xml
UP\UP25.jpg,1,UP32BF3577,76,302,187,340,272,593,UP,UP\UP25.xml
UP\UP26.jpg,1,UP14AX9754,48,199,103,214,272,363,UP,UP\UP26.xml
UP\UP27.jpg,1,UP70ET7816,97,252,165,274,272,363,UP,UP\UP27.xml
UP\UP28.jpg,1,UP32HY6077,94,247,176,266,272,363,UP,UP\UP28.xml
UP\UP29.jpg,1,UP14AF3804,80,309,167,329,272,605,UP,UP\UP29.xml
UP\UP3.jpg,1,UP80FA1666,91,145,174,165,272,363,UP,UP\UP3.xml
UP\UP4.jpg,1,UP16U3849,169,347,266,384,272,581,UP,UP\UP4.xml
UP\UP5.jpg,1,UP32EC5577,99,282,167,300,272,602,UP,UP\UP5.xml
UP\UP8.jpg,1,UP16AJ0704,172,224,239,254,272,363,UP,UP\UP8.xml
WB\WB1.jpg,1,WB26T6688,159,111,223,142,272,245,WB,WB\WB1.xml
WB\WB11.jpg,1,WB08A4101,78,304,173,328,272,570,WB,WB\WB11.xml
WB\WB12.jpg,1,WB26S5093,95,166,184,187,272,204,WB,WB\WB12.xml
WB\WB13.jpg,1,WB26K2760,170,117,221,127,272,154,WB,WB\WB13.xml
WB\WB14.jpg,1,WB36G6682,93,368,169,392,272,590,WB,WB\WB14.xml
WB\WB15.jpg,1,WB12AX2987,94,246,182,273,272,363,WB,WB\WB15.xml
WB\WB16.jpg,1,WB06J9177,96,253,165,269,272,363,WB,WB\WB16.xml
WB\WB17.jpg,1,WB02AJ4534,97,265,185,287,272,363,WB,WB\WB17.xml
WB\WB18.jpg,1,WB06J2192,73,231,166,252,272,364,WB,WB\WB18.xml
WB\WB19.jpg,1,WB061061,84,174,170,199,272,364,WB,WB\WB19.xml
WB\WB2.jpg,1,WB02M8447,83,420,187,445,272,606,WB,WB\WB2.xml
WB\WB20.jpg,1,WB171717,105,202,176,235,272,364,WB,WB\WB20.xml
WB\WB21.jpg,1,WB02W9S3S,34,194,106,220,272,364,WB,WB\WB21.xml
WB\WB22.jpg,1,WB20H0271,106,247,164,264,272,364,WB,WB\WB22.xml
WB\WB23.jpg,1,WB20AG9041,93,143,180,161,272,216,WB,WB\WB23.xml
WB\WB25.jpg,1,WB06H2237,17,116,64,139,272,172,WB,WB\WB25.xml
WB\WB26.jpg,1,WB02A03017,30,120,80,143,272,186,WB,WB\WB26.xml
WB\WB27.jpg,1,WB02AD4162,101,165,187,186,272,281,WB,WB\WB27.xml
WB\WB28.jpg,1,WB02AM8548,85,305,180,326,272,363,WB,WB\WB28.xml
WB\WB3.jpg,1,WB70G3763,94,146,171,163,272,204,WB,WB\WB3.xml
WB\WB4.jpg,1,WB02X8795,119,268,191,292,272,363,WB,WB\WB4.xml
WB\WB5.jpg,1,WB06G4120,105,256,187,280,272,363,WB,WB\WB5.xml
WB\WB6.jpg,1,WB02AH4655,108,247,181,266,272,363,WB,WB\WB6.xml
WB\WB8.jpg,1,WB06J4432,98,210,184,229,272,272,WB,WB\WB8.xml
WB\WB9.jpg,1,WB02AA5580,92,204,152,221,272,366,WB,WB\WB9.xml
