source_image,gt_image,filename,width,height,gt_type,status,plates
E:\ANPR\video_images\car-wbs-MH01DE2780_00000.png,E:\ANPR\video_images\car-wbs-MH01DE2780_00000.xml,car-wbs-MH01DE2780_00000.png,731,425,PascalVOC_BBox_Text,OK,"MH01DE2780|480,206,629,253"
E:\ANPR\video_images\car-wbs-MH03AR5549_00000.jpg,E:\ANPR\video_images\car-wbs-MH03AR5549_00000.xml,car-wbs-MH03AR5549_00000.jpg,4000,3000,PascalVOC_BBox_Text,OK,"MH03AR5549|1298,712,4000,1612"
E:\ANPR\video_images\car-wbs-MH12FU1014_00000.png,E:\ANPR\video_images\car-wbs-MH12FU1014_00000.xml,car-wbs-MH12FU1014_00000.png,554,354,PascalVOC_BBox_Text,OK,"MH12FU1014|88,184,192,214"
E:\ANPR\video_images\car-wbs-MH43AF5037_00000.png,E:\ANPR\video_images\car-wbs-MH43AF5037_00000.xml,car-wbs-MH43AF5037_00000.png,410,355,PascalVOC_BBox_Text,OK,"MH43AF5037|196,177,320,218"
E:\ANPR\video_images\car-wbs-MH43BU2401_00000.png,E:\ANPR\video_images\car-wbs-MH43BU2401_00000.xml,car-wbs-MH43BU2401_00000.png,915,412,PascalVOC_BBox_Text,OK,"MH43BU2401|585,191,756,239"
E:\ANPR\video_images\car-wbs-MH46BV0688_00000.png,E:\ANPR\video_images\car-wbs-MH46BV0688_00000.xml,car-wbs-MH46BV0688_00000.png,701,532,PascalVOC_BBox_Text,OK,"MH46BV0688|347,386,655,450"
E:\ANPR\video_images\car-ybs-MH43BP8173_00000.png,E:\ANPR\video_images\car-ybs-MH43BP8173_00000.xml,car-ybs-MH43BP8173_00000.png,456,487,PascalVOC_BBox_Text,OK,"MH43BP8173|181,351,329,399"
E:\ANPR\video_images\car-ybs-MH46AD5258_00000.png,E:\ANPR\video_images\car-ybs-MH46AD5258_00000.xml,car-ybs-MH46AD5258_00000.png,451,351,PascalVOC_BBox_Text,OK,"MH46AD5258|203,160,341,199"
E:\ANPR\video_images\car-ybs-MH46AD5258_00001.png,E:\ANPR\video_images\car-ybs-MH46AD5258_00001.xml,car-ybs-MH46AD5258_00001.png,430,335,PascalVOC_BBox_Text,OK,"MH46AD5258|155,154,302,195"
E:\ANPR\video_images\car-ybs-MH46BF2342_00000.png,E:\ANPR\video_images\car-ybs-MH46BF2342_00000.xml,car-ybs-MH46BF2342_00000.png,646,225,PascalVOC_BBox_Text,OK,"MH46BF2342|184,115,411,176"
E:\ANPR\video_images\car-ybs-MH47N4570_00000.png,E:\ANPR\video_images\car-ybs-MH47N4570_00000.xml,car-ybs-MH47N4570_00000.png,454,452,PascalVOC_BBox_Text,OK,"MH47N4570|155,239,311,285"
E:\ANPR\video_images\car-ybs-MH47N4570_00001.png,E:\ANPR\video_images\car-ybs-MH47N4570_00001.xml,car-ybs-MH47N4570_00001.png,709,530,PascalVOC_BBox_Text,OK,"MH47N4570|229,326,477,398"
E:\ANPR\video_images\car-ybs-MH47N4570_00002.png,E:\ANPR\video_images\car-ybs-MH47N4570_00002.xml,car-ybs-MH47N4570_00002.png,682,509,PascalVOC_BBox_Text,OK,"MH47N4570|218,332,469,403"
E:\ANPR\video_images\video10_1060.jpg,E:\ANPR\video_images\video10_1060.xml,video10_1060.jpg,541,792,PascalVOC_BBox_Text,OK,"MH03DV2010|181,171,312,206"
E:\ANPR\video_images\video10_1070.jpg,E:\ANPR\video_images\video10_1070.xml,video10_1070.jpg,932,665,PascalVOC_BBox_Text,OK,"MH03DV2010|197,262,357,301"
E:\ANPR\video_images\video10_1080.jpg,E:\ANPR\video_images\video10_1080.xml,video10_1080.jpg,1920,1080,PascalVOC_BBox_Text,OK,"MH03DV2010|632,341,841,400"
E:\ANPR\video_images\video10_110.jpg,E:\ANPR\video_images\video10_110.xml,video10_110.jpg,207,724,PascalVOC_BBox_Text,OK,"MH02EK0837|115,599,207,631"
E:\ANPR\video_images\video10_120.jpg,E:\ANPR\video_images\video10_120.xml,video10_120.jpg,233,725,PascalVOC_BBox_Text,OK,"MH02EK0837|94,620,201,658"
E:\ANPR\video_images\video10_1200.jpg,E:\ANPR\video_images\video10_1200.xml,video10_1200.jpg,1379,1080,PascalVOC_BBox_Text,OK,"MH05DS8679|698,261,1070,348"
E:\ANPR\video_images\video10_1210.jpg,E:\ANPR\video_images\video10_1210.xml,video10_1210.jpg,1337,1080,PascalVOC_BBox_Text,OK,"MH05DS8679|571,316,948,415"
E:\ANPR\video_images\video10_1220.jpg,E:\ANPR\video_images\video10_1220.xml,video10_1220.jpg,1528,1079,PascalVOC_BBox_Text,OK,"MH05DS8679|660,508,1039,599"
E:\ANPR\video_images\video10_1230.jpg,E:\ANPR\video_images\video10_1230.xml,video10_1230.jpg,1660,1079,PascalVOC_BBox_Text,OK,"MH05DS8679|716,672,1101,769"
E:\ANPR\video_images\video10_1240.jpg,E:\ANPR\video_images\video10_1240.xml,video10_1240.jpg,1712,1080,PascalVOC_BBox_Text,OK,"MH05DS8679|720,564,1104,656"
E:\ANPR\video_images\video10_1250.jpg,E:\ANPR\video_images\video10_1250.xml,video10_1250.jpg,1816,1079,PascalVOC_BBox_Text,OK,"MH05DS8679|670,674,1058,773"
E:\ANPR\video_images\video10_1260.jpg,E:\ANPR\video_images\video10_1260.xml,video10_1260.jpg,1767,1080,PascalVOC_BBox_Text,OK,"MH05DS8679|646,594,1036,694"
E:\ANPR\video_images\video10_1270.jpg,E:\ANPR\video_images\video10_1270.xml,video10_1270.jpg,1752,1079,PascalVOC_BBox_Text,OK,"MH05DS8679|558,521,956,619"
E:\ANPR\video_images\video10_1280.jpg,E:\ANPR\video_images\video10_1280.xml,video10_1280.jpg,1632,1080,PascalVOC_BBox_Text,OK,"MH05DS8679|377,515,782,618"
E:\ANPR\video_images\video10_1290.jpg,E:\ANPR\video_images\video10_1290.xml,video10_1290.jpg,1442,1080,PascalVOC_BBox_Text,OK,"MH05DS8679|146,534,558,639"
E:\ANPR\video_images\video10_130.jpg,E:\ANPR\video_images\video10_130.xml,video10_130.jpg,342,720,PascalVOC_BBox_Text,OK,"MH02EK0837|106,587,226,624"
E:\ANPR\video_images\video10_1390.jpg,E:\ANPR\video_images\video10_1390.xml,video10_1390.jpg,1565,1070,PascalVOC_BBox_Text,OK,"MH43AR5466|798,571,994,614"
E:\ANPR\video_images\video10_140.jpg,E:\ANPR\video_images\video10_140.xml,video10_140.jpg,517,484,PascalVOC_BBox_Text,OK,"MH02EK0837|188,302,325,344"
E:\ANPR\video_images\video10_1420.jpg,E:\ANPR\video_images\video10_1420.xml,video10_1420.jpg,1062,1079,PascalVOC_BBox_Text,OK,"MH43AL8464|107,496,341,564"
E:\ANPR\video_images\video10_150.jpg,E:\ANPR\video_images\video10_150.xml,video10_150.jpg,579,706,PascalVOC_BBox_Text,OK,"MH02EK0837|138,521,289,568"
E:\ANPR\video_images\video10_160.jpg,E:\ANPR\video_images\video10_160.xml,video10_160.jpg,790,555,PascalVOC_BBox_Text,OK,"MH02EK0837|160,356,333,412"
E:\ANPR\video_images\video10_170.jpg,E:\ANPR\video_images\video10_170.xml,video10_170.jpg,1060,923,PascalVOC_BBox_Text,OK,"MH02EK0837|207,652,401,728"
E:\ANPR\video_images\video10_1700.jpg,E:\ANPR\video_images\video10_1700.xml,video10_1700.jpg,1499,1080,PascalVOC_BBox_Text,OK,"GJ15D0564|471,421,1190,611"
E:\ANPR\video_images\video10_1710.jpg,E:\ANPR\video_images\video10_1710.xml,video10_1710.jpg,1920,1080,PascalVOC_BBox_Text,OK,"GJ15D0564|37,197,934,427"
E:\ANPR\video_images\video10_180.jpg,E:\ANPR\video_images\video10_180.xml,video10_180.jpg,1351,1032,PascalVOC_BBox_Text,OK,"MH02EK0837|151,787,386,886"
E:\ANPR\video_images\video10_640.jpg,E:\ANPR\video_images\video10_640.xml,video10_640.jpg,490,293,PascalVOC_BBox_Text,OK,"DL3CCQ0107|184,178,286,210"
E:\ANPR\video_images\video10_650.jpg,E:\ANPR\video_images\video10_650.xml,video10_650.jpg,607,230,PascalVOC_BBox_Text,OK,"DL3CCQ0107|286,159,394,194"
E:\ANPR\video_images\video10_660.jpg,E:\ANPR\video_images\video10_660.xml,video10_660.jpg,486,234,PascalVOC_BBox_Text,OK,"DL3CCQ0107|228,164,341,201"
E:\ANPR\video_images\video10_670.jpg,E:\ANPR\video_images\video10_670.xml,video10_670.jpg,518,260,PascalVOC_BBox_Text,OK,"DL3CCQ0107|272,175,390,218"
E:\ANPR\video_images\video10_690.jpg,E:\ANPR\video_images\video10_690.xml,video10_690.jpg,1346,589,PascalVOC_BBox_Text,OK,"DL3CCQ0107|746,400,1090,525"
E:\ANPR\video_images\video10_710.jpg,E:\ANPR\video_images\video10_710.xml,video10_710.jpg,1353,333,PascalVOC_BBox_Text,OK,"DL3CCQ0107|675,145,1060,280"
E:\ANPR\video_images\video10_720.jpg,E:\ANPR\video_images\video10_720.xml,video10_720.jpg,1286,583,PascalVOC_BBox_Text,OK,"DL3CCQ0107|793,413,1208,565"
E:\ANPR\video_images\video10_760.jpg,E:\ANPR\video_images\video10_760.xml,video10_760.jpg,696,700,PascalVOC_BBox_Text,OK,"MH01AU0059|502,349,663,392"
E:\ANPR\video_images\video10_770.jpg,E:\ANPR\video_images\video10_770.xml,video10_770.jpg,761,779,PascalVOC_BBox_Text,OK,"MH01AU0059|498,392,659,441"
E:\ANPR\video_images\video10_830.jpg,E:\ANPR\video_images\video10_830.xml,video10_830.jpg,1346,1080,PascalVOC_BBox_Text,OK,"MH05EJ3005|7,374,672,527"
E:\ANPR\video_images\video10_850.jpg,E:\ANPR\video_images\video10_850.xml,video10_850.jpg,710,788,PascalVOC_BBox_Text,OK,"MH01AU0059|247,406,389,448"
E:\ANPR\video_images\video10_860.jpg,E:\ANPR\video_images\video10_860.xml,video10_860.jpg,868,704,PascalVOC_BBox_Text,OK,"MH01AU0059|556,311,688,351"
E:\ANPR\video_images\video10_870.jpg,E:\ANPR\video_images\video10_870.xml,video10_870.jpg,1517,622,PascalVOC_BBox_Text,OK,"MH01AU0059|872,268,998,305"
E:\ANPR\video_images\video10_880.jpg,E:\ANPR\video_images\video10_880.xml,video10_880.jpg,920,534,PascalVOC_BBox_Text,OK,"MH01AU0059|669,201,787,237"
E:\ANPR\video_images\video10_890.jpg,E:\ANPR\video_images\video10_890.xml,video10_890.jpg,826,563,PascalVOC_BBox_Text,OK,"MH01AU0059|580,306,692,338"
E:\ANPR\video_images\video10_900.jpg,E:\ANPR\video_images\video10_900.xml,video10_900.jpg,801,452,PascalVOC_BBox_Text,OK,"MH01AU0059|571,192,679,221"
E:\ANPR\video_images\video10_910.jpg,E:\ANPR\video_images\video10_910.xml,video10_910.jpg,1920,1080,PascalVOC_BBox_Text,OK,"MH01AU0059|907,542,1010,576"
E:\ANPR\video_images\video10_920.jpg,E:\ANPR\video_images\video10_920.xml,video10_920.jpg,1920,1080,PascalVOC_BBox_Text,OK,"MH01AU0059|1000,587,1101,619"
E:\ANPR\video_images\video10_930.jpg,E:\ANPR\video_images\video10_930.xml,video10_930.jpg,679,1079,PascalVOC_BBox_Text,OK,"MH01AU0059|408,626,503,658"
E:\ANPR\video_images\video10_940.jpg,E:\ANPR\video_images\video10_940.xml,video10_940.jpg,724,707,PascalVOC_BBox_Text,OK,"MH01AU0059|341,208,433,235"
E:\ANPR\video_images\video10_950.jpg,E:\ANPR\video_images\video10_950.xml,video10_950.jpg,600,733,PascalVOC_BBox_Text,OK,"MH01AU0059|355,190,447,219"
E:\ANPR\video_images\video10_960.jpg,E:\ANPR\video_images\video10_960.xml,video10_960.jpg,581,347,PascalVOC_BBox_Text,OK,"MH01AU0059|284,170,371,192"
E:\ANPR\video_images\video10_970.jpg,E:\ANPR\video_images\video10_970.xml,video10_970.jpg,675,505,PascalVOC_BBox_Text,OK,"MH01AU0059|346,177,430,200"
E:\ANPR\video_images\video10_980.jpg,E:\ANPR\video_images\video10_980.xml,video10_980.jpg,556,393,PascalVOC_BBox_Text,OK,"MH01AU0059|345,192,426,216"
E:\ANPR\video_images\video10_990.jpg,E:\ANPR\video_images\video10_990.xml,video10_990.jpg,355,168,PascalVOC_BBox_Text,OK,"MH01AU0059|249,133,327,156"
E:\ANPR\video_images\video11_1000.jpg,E:\ANPR\video_images\video11_1000.xml,video11_1000.jpg,1306,816,PascalVOC_BBox_Text,OK,"MH47Y1124|266,568,646,676"
E:\ANPR\video_images\video11_1010.jpg,E:\ANPR\video_images\video11_1010.xml,video11_1010.jpg,1079,757,PascalVOC_BBox_Text,OK,"MH47Y1124|309,557,685,666"
E:\ANPR\video_images\video11_1020.jpg,E:\ANPR\video_images\video11_1020.xml,video11_1020.jpg,1225,857,PascalVOC_BBox_Text,OK,"MH47Y1124|298,556,674,658"
E:\ANPR\video_images\video11_1030.jpg,E:\ANPR\video_images\video11_1030.xml,video11_1030.jpg,1151,843,PascalVOC_BBox_Text,OK,"MH47Y1124|281,583,651,685"
E:\ANPR\video_images\video11_1040.jpg,E:\ANPR\video_images\video11_1040.xml,video11_1040.jpg,1200,988,PascalVOC_BBox_Text,OK,"MH47Y1124|280,604,650,707"
E:\ANPR\video_images\video11_1050.jpg,E:\ANPR\video_images\video11_1050.xml,video11_1050.jpg,1244,1007,PascalVOC_BBox_Text,OK,"MH47Y1124|298,608,671,720"
E:\ANPR\video_images\video11_1060.jpg,E:\ANPR\video_images\video11_1060.xml,video11_1060.jpg,1158,1079,PascalVOC_BBox_Text,OK,"MH47Y1124|279,574,649,677"
E:\ANPR\video_images\video11_1070.jpg,E:\ANPR\video_images\video11_1070.xml,video11_1070.jpg,1107,870,PascalVOC_BBox_Text,OK,"MH47Y1124|248,530,622,635"
E:\ANPR\video_images\video11_1080.jpg,E:\ANPR\video_images\video11_1080.xml,video11_1080.jpg,769,719,PascalVOC_BBox_Text,OK,"MH47Y1124|305,476,677,590"
E:\ANPR\video_images\video11_1100.jpg,E:\ANPR\video_images\video11_1100.xml,video11_1100.jpg,947,644,PascalVOC_BBox_Text,OK,"MH47Y1124|317,424,685,537"
E:\ANPR\video_images\video11_1110.jpg,E:\ANPR\video_images\video11_1110.xml,video11_1110.jpg,1156,746,PascalVOC_BBox_Text,OK,"MH47Y1124|311,493,686,612"
E:\ANPR\video_images\video11_1120.jpg,E:\ANPR\video_images\video11_1120.xml,video11_1120.jpg,1347,816,PascalVOC_BBox_Text,OK,"MH47Y1124|392,540,768,662"
E:\ANPR\video_images\video11_1130.jpg,E:\ANPR\video_images\video11_1130.xml,video11_1130.jpg,1101,814,PascalVOC_BBox_Text,OK,"MH47Y1124|197,524,577,639"
E:\ANPR\video_images\video11_1140.jpg,E:\ANPR\video_images\video11_1140.xml,video11_1140.jpg,1110,744,PascalVOC_BBox_Text,OK,"MH47Y1124|274,498,647,598"
E:\ANPR\video_images\video11_1150.jpg,E:\ANPR\video_images\video11_1150.xml,video11_1150.jpg,1239,717,PascalVOC_BBox_Text,OK,"MH47Y1124|268,487,640,582"
E:\ANPR\video_images\video11_1160.jpg,E:\ANPR\video_images\video11_1160.xml,video11_1160.jpg,1231,702,PascalVOC_BBox_Text,OK,"MH47Y1124|272,470,645,575"
E:\ANPR\video_images\video11_1170.jpg,E:\ANPR\video_images\video11_1170.xml,video11_1170.jpg,927,645,PascalVOC_BBox_Text,OK,"MH04EX7505|101,417,249,479"
E:\ANPR\video_images\video11_1180.jpg,E:\ANPR\video_images\video11_1180.xml,video11_1180.jpg,1229,1080,PascalVOC_BBox_Text,OK,"MH04EX7505|90,455,233,526"
E:\ANPR\video_images\video11_1230.jpg,E:\ANPR\video_images\video11_1230.xml,video11_1230.jpg,658,1080,PascalVOC_BBox_Text,OK,"MH47Y1124|266,486,628,605"
E:\ANPR\video_images\video11_1240.jpg,E:\ANPR\video_images\video11_1240.xml,video11_1240.jpg,1920,1080,PascalVOC_BBox_Text,OK,"MH47Y1124|957,445,1357,581"
E:\ANPR\video_images\video11_1250.jpg,E:\ANPR\video_images\video11_1250.xml,video11_1250.jpg,1920,1080,PascalVOC_BBox_Text,OK,"MH47Y1124|298,535,756,699"
E:\ANPR\video_images\video11_1270.jpg,E:\ANPR\video_images\video11_1270.xml,video11_1270.jpg,440,563,PascalVOC_BBox_Text,OK,"MH01DB1477|153,395,313,432"
E:\ANPR\video_images\video11_1280.jpg,E:\ANPR\video_images\video11_1280.xml,video11_1280.jpg,441,550,PascalVOC_BBox_Text,OK,"MH01DB1477|189,429,354,469"
E:\ANPR\video_images\video11_1290.jpg,E:\ANPR\video_images\video11_1290.xml,video11_1290.jpg,443,639,PascalVOC_BBox_Text,OK,"MH01DB1477|164,500,334,538"
E:\ANPR\video_images\video11_1300.jpg,E:\ANPR\video_images\video11_1300.xml,video11_1300.jpg,408,564,PascalVOC_BBox_Text,OK,"MH12RT1105|236,385,319,409"
E:\ANPR\video_images\video11_1310.jpg,E:\ANPR\video_images\video11_1310.xml,video11_1310.jpg,752,816,PascalVOC_BBox_Text,OK,"MH01DB1477|218,564,413,613"
E:\ANPR\video_images\video11_1320.jpg,E:\ANPR\video_images\video11_1320.xml,video11_1320.jpg,599,631,PascalVOC_BBox_Text,OK,"MH12RT1105|287,350,418,385"
E:\ANPR\video_images\video11_1330.jpg,E:\ANPR\video_images\video11_1330.xml,video11_1330.jpg,1004,1080,PascalVOC_BBox_Text,OK,"MH01DB1477|225,575,439,633"
E:\ANPR\video_images\video11_1340.jpg,E:\ANPR\video_images\video11_1340.xml,video11_1340.jpg,1177,1080,PascalVOC_BBox_Text,OK,"MH01DB1477|262,602,498,663"
E:\ANPR\video_images\video11_1350.jpg,E:\ANPR\video_images\video11_1350.xml,video11_1350.jpg,1326,1079,PascalVOC_BBox_Text,OK,"MH01DB1477|243,630,496,699"
E:\ANPR\video_images\video11_1360.jpg,E:\ANPR\video_images\video11_1360.xml,video11_1360.jpg,1422,1080,PascalVOC_BBox_Text,OK,"MH01DB1477|182,716,457,795"
E:\ANPR\video_images\video11_1440.jpg,E:\ANPR\video_images\video11_1440.xml,video11_1440.jpg,1144,711,PascalVOC_BBox_Text,OK,"MH02EZ2599|175,339,342,391"
E:\ANPR\video_images\video11_1560.jpg,E:\ANPR\video_images\video11_1560.xml,video11_1560.jpg,656,476,PascalVOC_BBox_Text,OK,"MH02BQ9628|218,192,352,230"
E:\ANPR\video_images\video11_1570.jpg,E:\ANPR\video_images\video11_1570.xml,video11_1570.jpg,570,548,PascalVOC_BBox_Text,OK,"MH02BQ9628|128,231,266,273"
E:\ANPR\video_images\video11_1580.jpg,E:\ANPR\video_images\video11_1580.xml,video11_1580.jpg,601,607,PascalVOC_BBox_Text,OK,"MH02BQ9628|176,277,316,317"
E:\ANPR\video_images\video11_1590.jpg,E:\ANPR\video_images\video11_1590.xml,video11_1590.jpg,657,573,PascalVOC_BBox_Text,OK,"MH02BQ9628|220,308,358,351"
E:\ANPR\video_images\video11_1600.jpg,E:\ANPR\video_images\video11_1600.xml,video11_1600.jpg,670,616,PascalVOC_BBox_Text,OK,"MH02BQ9628|230,306,374,351"
E:\ANPR\video_images\video11_1610.jpg,E:\ANPR\video_images\video11_1610.xml,video11_1610.jpg,616,449,PascalVOC_BBox_Text,OK,"MH02BQ9628|192,183,332,226"
E:\ANPR\video_images\video11_1620.jpg,E:\ANPR\video_images\video11_1620.xml,video11_1620.jpg,548,527,PascalVOC_BBox_Text,OK,"MH02BQ9628|135,215,269,259"
E:\ANPR\video_images\video11_1630.jpg,E:\ANPR\video_images\video11_1630.xml,video11_1630.jpg,519,577,PascalVOC_BBox_Text,OK,"MH02BQ9628|147,298,279,340"
E:\ANPR\video_images\video11_1640.jpg,E:\ANPR\video_images\video11_1640.xml,video11_1640.jpg,583,518,PascalVOC_BBox_Text,OK,"MH02BQ9628|185,238,316,281"
E:\ANPR\video_images\video11_1650.jpg,E:\ANPR\video_images\video11_1650.xml,video11_1650.jpg,545,387,PascalVOC_BBox_Text,OK,"MH02BQ9628|174,177,299,217"
E:\ANPR\video_images\video11_1660.jpg,E:\ANPR\video_images\video11_1660.xml,video11_1660.jpg,557,439,PascalVOC_BBox_Text,OK,"MH02BQ9628|210,216,332,255"
E:\ANPR\video_images\video11_1670.jpg,E:\ANPR\video_images\video11_1670.xml,video11_1670.jpg,545,444,PascalVOC_BBox_Text,OK,"MH02BQ9628|210,220,328,255"
E:\ANPR\video_images\video11_1680.jpg,E:\ANPR\video_images\video11_1680.xml,video11_1680.jpg,493,467,PascalVOC_BBox_Text,OK,"MH02BQ9628|219,249,331,280"
E:\ANPR\video_images\video11_1690.jpg,E:\ANPR\video_images\video11_1690.xml,video11_1690.jpg,435,421,PascalVOC_BBox_Text,OK,"MH02BQ9628|111,222,221,255"
E:\ANPR\video_images\video11_1840.jpg,E:\ANPR\video_images\video11_1840.xml,video11_1840.jpg,1920,1080,PascalVOC_BBox_Text,OK,"MH47Y1124|338,573,660,691"
E:\ANPR\video_images\video11_1850.jpg,E:\ANPR\video_images\video11_1850.xml,video11_1850.jpg,1549,1079,PascalVOC_BBox_Text,OK,"MH47Y1124|224,562,524,662"
E:\ANPR\video_images\video11_1860.jpg,E:\ANPR\video_images\video11_1860.xml,video11_1860.jpg,1374,1080,PascalVOC_BBox_Text,OK,"MH47Y1124|230,564,511,650"
E:\ANPR\video_images\video11_1870.jpg,E:\ANPR\video_images\video11_1870.xml,video11_1870.jpg,1447,955,PascalVOC_BBox_Text,OK,"MH47Y1124|430,425,697,513"
E:\ANPR\video_images\video11_1880.jpg,E:\ANPR\video_images\video11_1880.xml,video11_1880.jpg,1180,976,PascalVOC_BBox_Text,OK,"MH47Y1124|251,443,515,532"
E:\ANPR\video_images\video11_1890.jpg,E:\ANPR\video_images\video11_1890.xml,video11_1890.jpg,1110,1080,PascalVOC_BBox_Text,OK,"MH47Y1124|251,540,515,627"
E:\ANPR\video_images\video11_1900.jpg,E:\ANPR\video_images\video11_1900.xml,video11_1900.jpg,1050,1080,PascalVOC_BBox_Text,OK,"MH47Y1124|249,550,508,631"
E:\ANPR\video_images\video11_1910.jpg,E:\ANPR\video_images\video11_1910.xml,video11_1910.jpg,1017,1079,PascalVOC_BBox_Text,OK,"MH47Y1124|275,550,530,626"
E:\ANPR\video_images\video11_1920.jpg,E:\ANPR\video_images\video11_1920.xml,video11_1920.jpg,1030,1079,PascalVOC_BBox_Text,OK,"MH47Y1124|342,554,591,627"
E:\ANPR\video_images\video11_1930.jpg,E:\ANPR\video_images\video11_1930.xml,video11_1930.jpg,895,1000,PascalVOC_BBox_Text,OK,"MH47Y1124|278,480,529,554"
E:\ANPR\video_images\video11_1940.jpg,E:\ANPR\video_images\video11_1940.xml,video11_1940.jpg,689,1080,PascalVOC_BBox_Text,OK,"MH47Y1124|286,559,534,639"
E:\ANPR\video_images\video11_1980.jpg,E:\ANPR\video_images\video11_1980.xml,video11_1980.jpg,1920,1080,PascalVOC_BBox_Text,OK,"MH02DQ0196|68,705,428,911"
E:\ANPR\video_images\video11_1990.jpg,E:\ANPR\video_images\video11_1990.xml,video11_1990.jpg,1920,1080,PascalVOC_BBox_Text,OK,"MH02DQ0196|310,664,655,873"
E:\ANPR\video_images\video11_2000.jpg,E:\ANPR\video_images\video11_2000.xml,video11_2000.jpg,1920,1080,PascalVOC_BBox_Text,OK,"MH02DQ0196|286,649,625,872"
E:\ANPR\video_images\video11_2010.jpg,E:\ANPR\video_images\video11_2010.xml,video11_2010.jpg,1920,1080,PascalVOC_BBox_Text,OK,"MH02DQ0196|133,644,452,887"
E:\ANPR\video_images\video11_2040.jpg,E:\ANPR\video_images\video11_2040.xml,video11_2040.jpg,700,1080,PascalVOC_BBox_Text,OK,"MH47Y1124|266,635,605,743"
E:\ANPR\video_images\video11_2050.jpg,E:\ANPR\video_images\video11_2050.xml,video11_2050.jpg,1030,1079,PascalVOC_BBox_Text,OK,"MH47Y1124|240,642,584,765"
E:\ANPR\video_images\video11_2060.jpg,E:\ANPR\video_images\video11_2060.xml,video11_2060.jpg,1920,1080,PascalVOC_BBox_Text,OK,"MH47Y1124|802,636,1171,761"
E:\ANPR\video_images\video11_2070.jpg,E:\ANPR\video_images\video11_2070.xml,video11_2070.jpg,1920,1080,PascalVOC_BBox_Text,OK,"MH47Y1124|475,641,861,781"
E:\ANPR\video_images\video11_2080.jpg,E:\ANPR\video_images\video11_2080.xml,video11_2080.jpg,1804,1080,PascalVOC_BBox_Text,OK,"MH47Y1124|144,676,551,817"
E:\ANPR\video_images\video11_210.jpg,E:\ANPR\video_images\video11_210.xml,video11_210.jpg,1010,888,PascalVOC_BBox_Text,OK,"MH43BK9513|319,423,562,483"
E:\ANPR\video_images\video11_2180.jpg,E:\ANPR\video_images\video11_2180.xml,video11_2180.jpg,1920,1080,PascalVOC_BBox_Text,OK,"MH47AV6753|1127,369,1398,514"
E:\ANPR\video_images\video11_2190.jpg,E:\ANPR\video_images\video11_2190.xml,video11_2190.jpg,1920,1080,PascalVOC_BBox_Text,OK,"MH47AV6753|1198,326,1461,468"
E:\ANPR\video_images\video11_220.jpg,E:\ANPR\video_images\video11_220.xml,video11_220.jpg,1441,1080,PascalVOC_BBox_Text,OK,"MH43BK9513|386,603,684,673"
E:\ANPR\video_images\video11_2200.jpg,E:\ANPR\video_images\video11_2200.xml,video11_2200.jpg,1920,1080,PascalVOC_BBox_Text,OK,"MH47AV6753|1118,356,1379,496"
E:\ANPR\video_images\video11_2210.jpg,E:\ANPR\video_images\video11_2210.xml,video11_2210.jpg,1522,797,PascalVOC_BBox_Text,OK,"MH47AV6753|975,139,1226,275"
E:\ANPR\video_images\video11_2220.jpg,E:\ANPR\video_images\video11_2220.xml,video11_2220.jpg,1430,692,PascalVOC_BBox_Text,OK,"MH47AV6753|841,183,1083,324"
E:\ANPR\video_images\video11_2230.jpg,E:\ANPR\video_images\video11_2230.xml,video11_2230.jpg,770,336,PascalVOC_BBox_Text,OK,"MH47AV6753|222,99,456,240"
E:\ANPR\video_images\video11_2260.jpg,E:\ANPR\video_images\video11_2260.xml,video11_2260.jpg,738,368,PascalVOC_BBox_Text,OK,"MH47AV6753|168,192,416,338"
E:\ANPR\video_images\video11_2270.jpg,E:\ANPR\video_images\video11_2270.xml,video11_2270.jpg,717,436,PascalVOC_BBox_Text,OK,"MH47AV6753|133,147,412,309"
E:\ANPR\video_images\video11_2280.jpg,E:\ANPR\video_images\video11_2280.xml,video11_2280.jpg,834,606,PascalVOC_BBox_Text,OK,"MH47AV6753|190,137,483,315"
E:\ANPR\video_images\video11_2290.jpg,E:\ANPR\video_images\video11_2290.xml,video11_2290.jpg,1328,671,PascalVOC_BBox_Text,OK,"MH47AV6753|599,190,884,371"
E:\ANPR\video_images\video11_2370.jpg,E:\ANPR\video_images\video11_2370.xml,video11_2370.jpg,596,810,PascalVOC_BBox_Text,OK,"MH47AV6753|115,155,244,238"
E:\ANPR\video_images\video11_2380.jpg,E:\ANPR\video_images\video11_2380.xml,video11_2380.jpg,812,804,PascalVOC_BBox_Text,OK,"MH12FT9458|289,58,423,132"
E:\ANPR\video_images\video11_2550.jpg,E:\ANPR\video_images\video11_2550.xml,video11_2550.jpg,892,383,PascalVOC_BBox_Text,OK,"MH04JL5547|194,185,442,358"
E:\ANPR\video_images\video11_2560.jpg,E:\ANPR\video_images\video11_2560.xml,video11_2560.jpg,924,496,PascalVOC_BBox_Text,OK,"MH04JL5547|298,216,530,354"
E:\ANPR\video_images\video11_2570.jpg,E:\ANPR\video_images\video11_2570.xml,video11_2570.jpg,822,560,PascalVOC_BBox_Text,OK,"MH04JL5547|234,158,449,291"
E:\ANPR\video_images\video11_2600.jpg,E:\ANPR\video_images\video11_2600.xml,video11_2600.jpg,940,568,PascalVOC_BBox_Text,OK,"MH47Y1124|198,137,438,206"
E:\ANPR\video_images\video11_2610.jpg,E:\ANPR\video_images\video11_2610.xml,video11_2610.jpg,1196,720,PascalVOC_BBox_Text,OK,"MH47Y1124|216,195,466,269"
E:\ANPR\video_images\video11_2620.jpg,E:\ANPR\video_images\video11_2620.xml,video11_2620.jpg,1201,838,PascalVOC_BBox_Text,OK,"MH47Y1124|227,311,495,389"
E:\ANPR\video_images\video11_2630.jpg,E:\ANPR\video_images\video11_2630.xml,video11_2630.jpg,1437,1000,PascalVOC_BBox_Text,OK,"MH47Y1124|245,398,541,488"
E:\ANPR\video_images\video11_2640.jpg,E:\ANPR\video_images\video11_2640.xml,video11_2640.jpg,484,269,PascalVOC_BBox_Text,OK,"MH03BS4060|139,205,297,248"
E:\ANPR\video_images\video11_2650.jpg,E:\ANPR\video_images\video11_2650.xml,video11_2650.jpg,306,281,PascalVOC_BBox_Text,OK,"MH03BS4060|129,190,297,238"
E:\ANPR\video_images\video11_2660.jpg,E:\ANPR\video_images\video11_2660.xml,video11_2660.jpg,439,484,PascalVOC_BBox_Text,OK,"MH03BS4060|174,172,353,222"
E:\ANPR\video_images\video11_2670.jpg,E:\ANPR\video_images\video11_2670.xml,video11_2670.jpg,546,450,PascalVOC_BBox_Text,OK,"MH03BS4060|185,112,378,164"
E:\ANPR\video_images\video11_2680.jpg,E:\ANPR\video_images\video11_2680.xml,video11_2680.jpg,565,435,PascalVOC_BBox_Text,OK,"MH03BS4060|158,178,371,239"
E:\ANPR\video_images\video11_2690.jpg,E:\ANPR\video_images\video11_2690.xml,video11_2690.jpg,666,607,PascalVOC_BBox_Text,OK,"MH03BS4060|202,259,435,327"
E:\ANPR\video_images\video11_2700.jpg,E:\ANPR\video_images\video11_2700.xml,video11_2700.jpg,795,662,PascalVOC_BBox_Text,OK,"MH03BS4060|191,249,449,331"
E:\ANPR\video_images\video11_2710.jpg,E:\ANPR\video_images\video11_2710.xml,video11_2710.jpg,852,977,PascalVOC_BBox_Text,OK,"MH03BS4060|226,302,514,395"
E:\ANPR\video_images\video11_2720.jpg,E:\ANPR\video_images\video11_2720.xml,video11_2720.jpg,870,1047,PascalVOC_BBox_Text,OK,"MH03BS4060|173,316,498,423"
E:\ANPR\video_images\video11_2730.jpg,E:\ANPR\video_images\video11_2730.xml,video11_2730.jpg,975,1075,PascalVOC_BBox_Text,OK,"MH03BS4060|174,298,541,412"
E:\ANPR\video_images\video11_2740.jpg,E:\ANPR\video_images\video11_2740.xml,video11_2740.jpg,1115,1021,PascalVOC_BBox_Text,OK,"MH03BS4060|169,216,574,346"
E:\ANPR\video_images\video11_2750.jpg,E:\ANPR\video_images\video11_2750.xml,video11_2750.jpg,1336,1017,PascalVOC_BBox_Text,OK,"MH03BS4060|255,256,691,406"
E:\ANPR\video_images\video11_2760.jpg,E:\ANPR\video_images\video11_2760.xml,video11_2760.jpg,1447,896,PascalVOC_BBox_Text,OK,"MH03BS4060|226,213,693,387"
E:\ANPR\video_images\video11_2770.jpg,E:\ANPR\video_images\video11_2770.xml,video11_2770.jpg,1707,995,PascalVOC_BBox_Text,OK,"MH03BS4060|438,360,926,540"
E:\ANPR\video_images\video11_2780.jpg,E:\ANPR\video_images\video11_2780.xml,video11_2780.jpg,1920,1080,PascalVOC_BBox_Text,OK,"MH03BS4060|675,456,1186,641"
E:\ANPR\video_images\video11_2790.jpg,E:\ANPR\video_images\video11_2790.xml,video11_2790.jpg,1484,787,PascalVOC_BBox_Text,OK,"MH03BS4060|331,204,853,398"
E:\ANPR\video_images\video11_2800.jpg,E:\ANPR\video_images\video11_2800.xml,video11_2800.jpg,770,377,PascalVOC_BBox_Text,OK,"MH02WA8344|240,189,358,242"
E:\ANPR\video_images\video11_2810.jpg,E:\ANPR\video_images\video11_2810.xml,video11_2810.jpg,383,356,PascalVOC_BBox_Text,OK,"MH04HM4154|132,209,225,237"
E:\ANPR\video_images\video11_2820.jpg,E:\ANPR\video_images\video11_2820.xml,video11_2820.jpg,737,341,PascalVOC_BBox_Text,OK,"MH04HM4154|125,192,227,228"
E:\ANPR\video_images\video11_2830.jpg,E:\ANPR\video_images\video11_2830.xml,video11_2830.jpg,792,394,PascalVOC_BBox_Text,OK,"MH04HM4154|5,205,114,245"
E:\ANPR\video_images\video11_3250.jpg,E:\ANPR\video_images\video11_3250.xml,video11_3250.jpg,587,457,PascalVOC_BBox_Text,OK,"MH02BQ9628|143,179,294,224"
E:\ANPR\video_images\video11_3260.jpg,E:\ANPR\video_images\video11_3260.xml,video11_3260.jpg,701,534,PascalVOC_BBox_Text,OK,"MH02BQ9628|178,217,335,266"
E:\ANPR\video_images\video11_3280.jpg,E:\ANPR\video_images\video11_3280.xml,video11_3280.jpg,296,420,PascalVOC_BBox_Text,OK,"MH05DK1018|136,271,247,303"
E:\ANPR\video_images\video11_3290.jpg,E:\ANPR\video_images\video11_3290.xml,video11_3290.jpg,426,479,PascalVOC_BBox_Text,OK,"MH05DK1018|147,232,271,270"
E:\ANPR\video_images\video11_3300.jpg,E:\ANPR\video_images\video11_3300.xml,video11_3300.jpg,658,534,PascalVOC_BBox_Text,OK,"MH05DK1018|140,199,281,241"
E:\ANPR\video_images\video11_3310.jpg,E:\ANPR\video_images\video11_3310.xml,video11_3310.jpg,1059,683,PascalVOC_BBox_Text,OK,"MH05DK1018|183,212,344,264"
E:\ANPR\video_images\video11_3320.jpg,E:\ANPR\video_images\video11_3320.xml,video11_3320.jpg,917,830,PascalVOC_BBox_Text,OK,"MH02BQ9628|198,223,452,308"
E:\ANPR\video_images\video11_3330.jpg,E:\ANPR\video_images\video11_3330.xml,video11_3330.jpg,1080,1080,PascalVOC_BBox_Text,OK,"MH02BQ9628|179,273,456,367"
E:\ANPR\video_images\video11_3340.jpg,E:\ANPR\video_images\video11_3340.xml,video11_3340.jpg,1128,1018,PascalVOC_BBox_Text,OK,"MH02BQ9628|190,340,493,444"
E:\ANPR\video_images\video11_3350.jpg,E:\ANPR\video_images\video11_3350.xml,video11_3350.jpg,1920,1080,PascalVOC_BBox_Text,OK,"MH02BQ9628|425,397,759,520"
E:\ANPR\video_images\video11_3630.jpg,E:\ANPR\video_images\video11_3630.xml,video11_3630.jpg,409,545,PascalVOC_BBox_Text,OK,"MH03AT3856|139,308,257,351"
E:\ANPR\video_images\video11_3640.jpg,E:\ANPR\video_images\video11_3640.xml,video11_3640.jpg,546,633,PascalVOC_BBox_Text,OK,"MH03AT3856|245,250,389,308"
E:\ANPR\video_images\video11_3660.jpg,E:\ANPR\video_images\video11_3660.xml,video11_3660.jpg,841,420,PascalVOC_BBox_Text,OK,"MH03CB0229|87,157,197,198"
E:\ANPR\video_images\video11_3680.jpg,E:\ANPR\video_images\video11_3680.xml,video11_3680.jpg,458,282,PascalVOC_BBox_Text,OK,"MH03AR7140|148,185,272,215"
E:\ANPR\video_images\video11_3690.jpg,E:\ANPR\video_images\video11_3690.xml,video11_3690.jpg,855,400,PascalVOC_BBox_Text,OK,"MH03AR7140|172,231,315,268"
E:\ANPR\video_images\video11_3700.jpg,E:\ANPR\video_images\video11_3700.xml,video11_3700.jpg,665,376,PascalVOC_BBox_Text,OK,"MH04JM8262|111,90,232,138"
E:\ANPR\video_images\video11_3710.jpg,E:\ANPR\video_images\video11_3710.xml,video11_3710.jpg,1304,817,PascalVOC_BBox_Text,OK,"MH03AR7140|88,354,300,432"
E:\ANPR\video_images\video11_3720.jpg,E:\ANPR\video_images\video11_3720.xml,video11_3720.jpg,812,321,PascalVOC_BBox_Text,OK,"MH03DK2961|250,123,357,156"
E:\ANPR\video_images\video11_3730.jpg,E:\ANPR\video_images\video11_3730.xml,video11_3730.jpg,1134,527,PascalVOC_BBox_Text,OK,"MH03DK2961|508,234,628,277"
E:\ANPR\video_images\video11_3750.jpg,E:\ANPR\video_images\video11_3750.xml,video11_3750.jpg,886,347,PascalVOC_BBox_Text,OK,"MH03AF1911|98,233,218,279"
E:\ANPR\video_images\video11_3830.jpg,E:\ANPR\video_images\video11_3830.xml,video11_3830.jpg,688,560,PascalVOC_BBox_Text,OK,"MH01AM9839|140,233,292,283"
E:\ANPR\video_images\video11_3840.jpg,E:\ANPR\video_images\video11_3840.xml,video11_3840.jpg,1117,717,PascalVOC_BBox_Text,OK,"MH01AM9839|241,269,431,332"
E:\ANPR\video_images\video11_3870.jpg,E:\ANPR\video_images\video11_3870.xml,video11_3870.jpg,807,369,PascalVOC_BBox_Text,OK,"MH02DZ9898|175,136,285,171"
E:\ANPR\video_images\video11_3880.jpg,E:\ANPR\video_images\video11_3880.xml,video11_3880.jpg,1202,552,PascalVOC_BBox_Text,OK,"MH02DZ9898|255,194,379,246"
E:\ANPR\video_images\video11_3910.jpg,E:\ANPR\video_images\video11_3910.xml,video11_3910.jpg,817,508,PascalVOC_BBox_Text,OK,"MH04JM3383|462,147,648,198"
E:\ANPR\video_images\video11_3920.jpg,E:\ANPR\video_images\video11_3920.xml,video11_3920.jpg,956,402,PascalVOC_BBox_Text,OK,"MH01DB2561|205,94,330,126"
E:\ANPR\video_images\video11_3930.jpg,E:\ANPR\video_images\video11_3930.xml,video11_3930.jpg,1116,647,PascalVOC_BBox_Text,OK,"MH01DB2561|220,191,358,236"
E:\ANPR\video_images\video11_3940.jpg,E:\ANPR\video_images\video11_3940.xml,video11_3940.jpg,949,876,PascalVOC_BBox_Text,OK,"MH01BT4302|314,436,630,554"
E:\ANPR\video_images\video11_4010.jpg,E:\ANPR\video_images\video11_4010.xml,video11_4010.jpg,498,535,PascalVOC_BBox_Text,OK,"MH01BM4824|271,280,377,315"
E:\ANPR\video_images\video11_4020.jpg,E:\ANPR\video_images\video11_4020.xml,video11_4020.jpg,450,605,PascalVOC_BBox_Text,OK,"MH01BM4824|151,276,275,320"
E:\ANPR\video_images\video11_4030.jpg,E:\ANPR\video_images\video11_4030.xml,video11_4030.jpg,748,656,PascalVOC_BBox_Text,OK,"MH01BM4824|122,265,272,325"
E:\ANPR\video_images\video11_4060.jpg,E:\ANPR\video_images\video11_4060.xml,video11_4060.jpg,371,444,PascalVOC_BBox_Text,OK,"MH03DU5196|184,278,281,307"
E:\ANPR\video_images\video11_4070.jpg,E:\ANPR\video_images\video11_4070.xml,video11_4070.jpg,459,394,PascalVOC_BBox_Text,OK,"MH03DU5196|236,289,363,326"
E:\ANPR\video_images\video11_4080.jpg,E:\ANPR\video_images\video11_4080.xml,video11_4080.jpg,473,1080,PascalVOC_BBox_Text,OK,"MH03DU5196|49,326,236,374"
E:\ANPR\video_images\video11_4090.jpg,E:\ANPR\video_images\video11_4090.xml,video11_4090.jpg,580,513,PascalVOC_BBox_Text,OK,"MH01DK4867|69,299,168,323"
E:\ANPR\video_images\video11_410.jpg,E:\ANPR\video_images\video11_410.xml,video11_410.jpg,828,543,PascalVOC_BBox_Text,OK,"MH02CW8226|262,353,545,436"
E:\ANPR\video_images\video11_4100.jpg,E:\ANPR\video_images\video11_4100.xml,video11_4100.jpg,852,614,PascalVOC_BBox_Text,OK,"MH01DK4867|108,318,230,351"
E:\ANPR\video_images\video11_420.jpg,E:\ANPR\video_images\video11_420.xml,video11_420.jpg,983,710,PascalVOC_BBox_Text,OK,"MH02CW8226|86,363,432,459"
E:\ANPR\video_images\video11_4390.jpg,E:\ANPR\video_images\video11_4390.xml,video11_4390.jpg,351,529,PascalVOC_BBox_Text,OK,"MH02MA5324|152,393,251,423"
E:\ANPR\video_images\video11_4410.jpg,E:\ANPR\video_images\video11_4410.xml,video11_4410.jpg,435,451,PascalVOC_BBox_Text,OK,"MH02MA5324|169,293,286,330"
E:\ANPR\video_images\video11_4420.jpg,E:\ANPR\video_images\video11_4420.xml,video11_4420.jpg,453,543,PascalVOC_BBox_Text,OK,"MH02MA5324|183,352,316,392"
E:\ANPR\video_images\video11_4430.jpg,E:\ANPR\video_images\video11_4430.xml,video11_4430.jpg,499,632,PascalVOC_BBox_Text,OK,"MH02MA5324|151,430,295,472"
E:\ANPR\video_images\video11_4440.jpg,E:\ANPR\video_images\video11_4440.xml,video11_4440.jpg,652,696,PascalVOC_BBox_Text,OK,"MH02MA5324|253,497,414,542"
E:\ANPR\video_images\video11_4450.jpg,E:\ANPR\video_images\video11_4450.xml,video11_4450.jpg,753,753,PascalVOC_BBox_Text,OK,"MH02MA5324|196,555,378,610"
E:\ANPR\video_images\video11_4460.jpg,E:\ANPR\video_images\video11_4460.xml,video11_4460.jpg,922,843,PascalVOC_BBox_Text,OK,"MH02MA5324|176,620,388,691"
E:\ANPR\video_images\video11_4470.jpg,E:\ANPR\video_images\video11_4470.xml,video11_4470.jpg,1280,1080,PascalVOC_BBox_Text,OK,"MH02MA5324|206,698,443,792"
E:\ANPR\video_images\video11_4600.jpg,E:\ANPR\video_images\video11_4600.xml,video11_4600.jpg,892,507,PascalVOC_BBox_Text,OK,"MH01AM5810|300,311,462,372"
E:\ANPR\video_images\video11_4610.jpg,E:\ANPR\video_images\video11_4610.xml,video11_4610.jpg,945,523,PascalVOC_BBox_Text,OK,"MH01AM5810|198,340,376,402"
E:\ANPR\video_images\video11_4620.jpg,E:\ANPR\video_images\video11_4620.xml,video11_4620.jpg,887,627,PascalVOC_BBox_Text,OK,"MH01AM5810|118,404,306,471"
E:\ANPR\video_images\video11_4630.jpg,E:\ANPR\video_images\video11_4630.xml,video11_4630.jpg,690,865,PascalVOC_BBox_Text,OK,"MH01AX3070|275,427,538,487"
E:\ANPR\video_images\video11_4640.jpg,E:\ANPR\video_images\video11_4640.xml,video11_4640.jpg,918,830,PascalVOC_BBox_Text,OK,"MH01AX3070|342,510,617,573"
E:\ANPR\video_images\video11_4650.jpg,E:\ANPR\video_images\video11_4650.xml,video11_4650.jpg,986,820,PascalVOC_BBox_Text,OK,"MH01AX3070|252,519,539,585"
E:\ANPR\video_images\video11_4660.jpg,E:\ANPR\video_images\video11_4660.xml,video11_4660.jpg,1208,1080,PascalVOC_BBox_Text,OK,"MH01AX3070|268,436,590,511"
E:\ANPR\video_images\video11_4670.jpg,E:\ANPR\video_images\video11_4670.xml,video11_4670.jpg,1545,1080,PascalVOC_BBox_Text,OK,"MH01AX3070|267,416,614,512"
E:\ANPR\video_images\video11_4710.jpg,E:\ANPR\video_images\video11_4710.xml,video11_4710.jpg,499,333,PascalVOC_BBox_Text,OK,"MH03CP1328|295,281,424,316"
E:\ANPR\video_images\video11_4720.jpg,E:\ANPR\video_images\video11_4720.xml,video11_4720.jpg,322,391,PascalVOC_BBox_Text,OK,"MH03CP1328|159,331,294,366"
E:\ANPR\video_images\video11_4730.jpg,E:\ANPR\video_images\video11_4730.xml,video11_4730.jpg,423,549,PascalVOC_BBox_Text,OK,"MH03CP1328|170,367,314,403"
E:\ANPR\video_images\video11_4740.jpg,E:\ANPR\video_images\video11_4740.xml,video11_4740.jpg,437,613,PascalVOC_BBox_Text,OK,"MH03CP1328|172,464,327,504"
E:\ANPR\video_images\video11_4750.jpg,E:\ANPR\video_images\video11_4750.xml,video11_4750.jpg,547,685,PascalVOC_BBox_Text,OK,"MH03CP1328|216,602,378,646"
E:\ANPR\video_images\video11_4770.jpg,E:\ANPR\video_images\video11_4770.xml,video11_4770.jpg,631,797,PascalVOC_BBox_Text,OK,"MH03CP1328|168,459,360,516"
E:\ANPR\video_images\video11_4780.jpg,E:\ANPR\video_images\video11_4780.xml,video11_4780.jpg,781,880,PascalVOC_BBox_Text,OK,"MH03CP1328|231,543,445,601"
E:\ANPR\video_images\video11_4790.jpg,E:\ANPR\video_images\video11_4790.xml,video11_4790.jpg,1077,884,PascalVOC_BBox_Text,OK,"MH03CP1328|321,413,552,484"
E:\ANPR\video_images\video11_4800.jpg,E:\ANPR\video_images\video11_4800.xml,video11_4800.jpg,1292,908,PascalVOC_BBox_Text,OK,"MH03CP1328|345,488,600,561"
E:\ANPR\video_images\video11_4810.jpg,E:\ANPR\video_images\video11_4810.xml,video11_4810.jpg,1501,1039,PascalVOC_BBox_Text,OK,"MH03CP1328|272,655,556,741"
E:\ANPR\video_images\video11_4950.jpg,E:\ANPR\video_images\video11_4950.xml,video11_4950.jpg,982,1066,PascalVOC_BBox_Text,OK,"MH01AM7014|140,455,322,519"
E:\ANPR\video_images\video11_4960.jpg,E:\ANPR\video_images\video11_4960.xml,video11_4960.jpg,1274,1078,PascalVOC_BBox_Text,OK,"MH01AM7014|90,527,305,605"
E:\ANPR\video_images\video11_540.jpg,E:\ANPR\video_images\video11_540.xml,video11_540.jpg,1287,1080,PascalVOC_BBox_Text,OK,"MH02DQ0196|455,663,1063,843"
E:\ANPR\video_images\video11_550.jpg,E:\ANPR\video_images\video11_550.xml,video11_550.jpg,1920,1080,PascalVOC_BBox_Text,OK,"MH02DQ0196|621,370,1338,574"
E:\ANPR\video_images\video11_750.jpg,E:\ANPR\video_images\video11_750.xml,video11_750.jpg,1920,693,PascalVOC_BBox_Text,OK,"MH01AX3070|204,284,1089,512"
E:\ANPR\video_images\video11_760.jpg,E:\ANPR\video_images\video11_760.xml,video11_760.jpg,1749,774,PascalVOC_BBox_Text,OK,"MH01AX3070|350,388,1239,608"
E:\ANPR\video_images\video11_770.jpg,E:\ANPR\video_images\video11_770.xml,video11_770.jpg,1839,908,PascalVOC_BBox_Text,OK,"MH01AX3070|327,495,1208,727"
E:\ANPR\video_images\video11_780.jpg,E:\ANPR\video_images\video11_780.xml,video11_780.jpg,1920,1080,PascalVOC_BBox_Text,OK,"MH01AX3070|265,578,1148,810"
E:\ANPR\video_images\video11_790.jpg,E:\ANPR\video_images\video11_790.xml,video11_790.jpg,1508,964,PascalVOC_BBox_Text,OK,"MH01AX3070|125,494,1005,722"
E:\ANPR\video_images\video11_800.jpg,E:\ANPR\video_images\video11_800.xml,video11_800.jpg,1567,764,PascalVOC_BBox_Text,OK,"MH01AX3070|48,401,931,637"
E:\ANPR\video_images\video11_810.jpg,E:\ANPR\video_images\video11_810.xml,video11_810.jpg,1489,602,PascalVOC_BBox_Text,OK,"MH01AX3070|453,378,1023,528"
E:\ANPR\video_images\video11_860.jpg,E:\ANPR\video_images\video11_860.xml,video11_860.jpg,1920,873,PascalVOC_BBox_Text,OK,"MH01AX3070|623,628,1187,768"
E:\ANPR\video_images\video11_980.jpg,E:\ANPR\video_images\video11_980.xml,video11_980.jpg,1119,863,PascalVOC_BBox_Text,OK,"MH47Y1124|239,583,613,689"
E:\ANPR\video_images\video11_990.jpg,E:\ANPR\video_images\video11_990.xml,video11_990.jpg,1151,771,PascalVOC_BBox_Text,OK,"MH47Y1124|246,574,625,677"
E:\ANPR\video_images\video12_100.jpg,E:\ANPR\video_images\video12_100.xml,video12_100.jpg,555,310,PascalVOC_BBox_Text,OK,"MH02BG9542|213,74,503,170"
E:\ANPR\video_images\video12_110.jpg,E:\ANPR\video_images\video12_110.xml,video12_110.jpg,750,440,PascalVOC_BBox_Text,OK,"MH02BG9542|121,99,427,209"
E:\ANPR\video_images\video12_140.jpg,E:\ANPR\video_images\video12_140.xml,video12_140.jpg,684,853,PascalVOC_BBox_Text,OK,"GJ15CD0564|112,555,644,697"
E:\ANPR\video_images\video12_150.jpg,E:\ANPR\video_images\video12_150.xml,video12_150.jpg,1089,927,PascalVOC_BBox_Text,OK,"GJ15CD0564|16,652,653,837"
E:\ANPR\video_images\video12_60.jpg,E:\ANPR\video_images\video12_60.xml,video12_60.jpg,698,1079,PascalVOC_BBox_Text,OK,"MH02BG9542|192,718,429,785"
E:\ANPR\video_images\video12_70.jpg,E:\ANPR\video_images\video12_70.xml,video12_70.jpg,861,1046,PascalVOC_BBox_Text,OK,"MH02BG9542|141,678,383,742"
E:\ANPR\video_images\video12_80.jpg,E:\ANPR\video_images\video12_80.xml,video12_80.jpg,940,1011,PascalVOC_BBox_Text,OK,"MH02BG9542|49,624,306,699"
E:\ANPR\video_images\video12_90.jpg,E:\ANPR\video_images\video12_90.xml,video12_90.jpg,828,1006,PascalVOC_BBox_Text,OK,"MH02BG9542|48,534,321,614"
E:\ANPR\video_images\video2_0.jpg,E:\ANPR\video_images\video2_0.xml,video2_0.jpg,450,407,PascalVOC_BBox_Text,OK,"MH02EK4399|99,209,196,237"
E:\ANPR\video_images\video2_1360.jpg,E:\ANPR\video_images\video2_1360.xml,video2_1360.jpg,1100,802,PascalVOC_BBox_Text,OK,"MH01DP5662|320,393,633,466"
E:\ANPR\video_images\video2_1430.jpg,E:\ANPR\video_images\video2_1430.xml,video2_1430.jpg,490,498,PascalVOC_BBox_Text,OK,"MH02EN6828|151,189,295,263"
E:\ANPR\video_images\video2_1480.jpg,E:\ANPR\video_images\video2_1480.xml,video2_1480.jpg,1564,1080,PascalVOC_BBox_Text,OK,"DL8CN6308|135,297,761,452"
E:\ANPR\video_images\video2_1490.jpg,E:\ANPR\video_images\video2_1490.xml,video2_1490.jpg,1920,1080,PascalVOC_BBox_Text,OK,"DL8CN6308|419,229,964,363"
E:\ANPR\video_images\video2_1510.jpg,E:\ANPR\video_images\video2_1510.xml,video2_1510.jpg,1187,1079,PascalVOC_BBox_Text,OK,"DL8CN6308|283,316,711,424"
E:\ANPR\video_images\video2_1590.jpg,E:\ANPR\video_images\video2_1590.xml,video2_1590.jpg,800,904,PascalVOC_BBox_Text,OK,"DL8CN6308|276,285,609,364"
E:\ANPR\video_images\video2_1750.jpg,E:\ANPR\video_images\video2_1750.xml,video2_1750.jpg,1147,1080,PascalVOC_BBox_Text,OK,"DL8CN6308|346,501,784,625"
E:\ANPR\video_images\video2_180.jpg,E:\ANPR\video_images\video2_180.xml,video2_180.jpg,1008,1080,PascalVOC_BBox_Text,OK,"MH02EK4399|331,516,568,611"
E:\ANPR\video_images\video2_1820.jpg,E:\ANPR\video_images\video2_1820.xml,video2_1820.jpg,1557,1080,PascalVOC_BBox_Text,OK,"DL8CN6308|229,474,805,649"
E:\ANPR\video_images\video2_1830.jpg,E:\ANPR\video_images\video2_1830.xml,video2_1830.jpg,898,1469,PascalVOC_BBox_Text,OK,"DL8CN6308|348,656,820,773"
E:\ANPR\video_images\video2_2150.jpg,E:\ANPR\video_images\video2_2150.xml,video2_2150.jpg,752,1079,PascalVOC_BBox_Text,OK,"MH47Y0205|287,427,687,541"
E:\ANPR\video_images\video2_220.jpg,E:\ANPR\video_images\video2_220.xml,video2_220.jpg,748,800,PascalVOC_BBox_Text,OK,"MH02EU4884|206,221,379,275"
E:\ANPR\video_images\video2_2210.jpg,E:\ANPR\video_images\video2_2210.xml,video2_2210.jpg,1402,905,PascalVOC_BBox_Text,OK,"MH47Y0205|353,236,860,405"
E:\ANPR\video_images\video2_2220.jpg,E:\ANPR\video_images\video2_2220.xml,video2_2220.jpg,1583,1022,PascalVOC_BBox_Text,OK,"MH47Y0205|359,346,881,521"
E:\ANPR\video_images\video2_2230.jpg,E:\ANPR\video_images\video2_2230.xml,video2_2230.jpg,998,1080,PascalVOC_BBox_Text,OK,"MH47Y0205|207,519,747,695"
E:\ANPR\video_images\video2_230.jpg,E:\ANPR\video_images\video2_230.xml,video2_230.jpg,789,611,PascalVOC_BBox_Text,OK,"MH02EU4884|239,231,417,293"
E:\ANPR\video_images\video2_240.jpg,E:\ANPR\video_images\video2_240.xml,video2_240.jpg,1117,675,PascalVOC_BBox_Text,OK,"MH02EU4884|278,224,455,287"
E:\ANPR\video_images\video2_2550.jpg,E:\ANPR\video_images\video2_2550.xml,video2_2550.jpg,571,415,PascalVOC_BBox_Text,OK,"MH02EK5817|153,169,262,201"
E:\ANPR\video_images\video2_280.jpg,E:\ANPR\video_images\video2_280.xml,video2_280.jpg,1676,1066,PascalVOC_BBox_Text,OK,"MH02DN8718|423,924,906,1057"
E:\ANPR\video_images\video2_2870.jpg,E:\ANPR\video_images\video2_2870.xml,video2_2870.jpg,1217,683,PascalVOC_BBox_Text,OK,"MH03DA4505|157,359,356,434"
E:\ANPR\video_images\video2_290.jpg,E:\ANPR\video_images\video2_290.xml,video2_290.jpg,1283,1064,PascalVOC_BBox_Text,OK,"MH02DN8718|381,661,782,783"
E:\ANPR\video_images\video2_300.jpg,E:\ANPR\video_images\video2_300.xml,video2_300.jpg,901,1069,PascalVOC_BBox_Text,OK,"MH02DN8718|265,539,615,645"
E:\ANPR\video_images\video2_3030.jpg,E:\ANPR\video_images\video2_3030.xml,video2_3030.jpg,1107,763,PascalVOC_BBox_Text,OK,"MH02EP4454|225,335,460,414"
E:\ANPR\video_images\video2_310.jpg,E:\ANPR\video_images\video2_310.xml,video2_310.jpg,669,606,PascalVOC_BBox_Text,OK,"MH02EU4884|230,200,405,263"
E:\ANPR\video_images\video2_3260.jpg,E:\ANPR\video_images\video2_3260.xml,video2_3260.jpg,512,622,PascalVOC_BBox_Text,OK,"MH02EZ6482|157,328,312,372"
E:\ANPR\video_images\video2_3370.jpg,E:\ANPR\video_images\video2_3370.xml,video2_3370.jpg,971,664,PascalVOC_BBox_Text,OK,"MH03BS8519|579,360,816,430"
E:\ANPR\video_images\video2_3440.jpg,E:\ANPR\video_images\video2_3440.xml,video2_3440.jpg,1920,1080,PascalVOC_BBox_Text,OK,"MH47AG4326|346,606,1002,838"
E:\ANPR\video_images\video2_3560.jpg,E:\ANPR\video_images\video2_3560.xml,video2_3560.jpg,1017,735,PascalVOC_BBox_Text,OK,"MH02AQ2299|138,85,578,224"
E:\ANPR\video_images\video2_3570.jpg,E:\ANPR\video_images\video2_3570.xml,video2_3570.jpg,1296,823,PascalVOC_BBox_Text,OK,"MH02AQ2299|336,179,789,322"
E:\ANPR\video_images\video2_3600.jpg,E:\ANPR\video_images\video2_3600.xml,video2_3600.jpg,1432,1080,PascalVOC_BBox_Text,OK,"MH02AQ2299|370,250,778,370"
E:\ANPR\video_images\video2_3730.jpg,E:\ANPR\video_images\video2_3730.xml,video2_3730.jpg,1588,1079,PascalVOC_BBox_Text,OK,"MH47N2829|328,480,683,585"
E:\ANPR\video_images\video2_3740.jpg,E:\ANPR\video_images\video2_3740.xml,video2_3740.jpg,1644,1080,PascalVOC_BBox_Text,OK,"MH47N2829|309,606,649,703"
E:\ANPR\video_images\video2_3750.jpg,E:\ANPR\video_images\video2_3750.xml,video2_3750.jpg,1624,1070,PascalVOC_BBox_Text,OK,"MH47N2829|307,651,648,761"
E:\ANPR\video_images\video2_380.jpg,E:\ANPR\video_images\video2_380.xml,video2_380.jpg,1920,1080,PascalVOC_BBox_Text,OK,"MH02DN8718|588,609,1109,819"
E:\ANPR\video_images\video2_390.jpg,E:\ANPR\video_images\video2_390.xml,video2_390.jpg,1632,1066,PascalVOC_BBox_Text,OK,"MH02DN8718|332,563,855,778"
E:\ANPR\video_images\video2_3990.jpg,E:\ANPR\video_images\video2_3990.xml,video2_3990.jpg,1260,1080,PascalVOC_BBox_Text,OK,"MH02AQ2299|57,517,451,642"
E:\ANPR\video_images\video2_400.jpg,E:\ANPR\video_images\video2_400.xml,video2_400.jpg,1920,1080,PascalVOC_BBox_Text,OK,"MH02DN8718|728,559,1234,761"
E:\ANPR\video_images\video2_4010.jpg,E:\ANPR\video_images\video2_4010.xml,video2_4010.jpg,1612,1080,PascalVOC_BBox_Text,OK,"MH02AQ2299|147,648,618,798"
E:\ANPR\video_images\video2_4080.jpg,E:\ANPR\video_images\video2_4080.xml,video2_4080.jpg,935,1080,PascalVOC_BBox_Text,OK,"MH02BT6482|9,901,534,1080"
E:\ANPR\video_images\video2_410.jpg,E:\ANPR\video_images\video2_410.xml,video2_410.jpg,1428,1080,PascalVOC_BBox_Text,OK,"MH02DN8718|362,561,856,754"
E:\ANPR\video_images\video2_4140.jpg,E:\ANPR\video_images\video2_4140.xml,video2_4140.jpg,1533,673,PascalVOC_BBox_Text,OK,"MH02BT6482|192,447,719,616"
E:\ANPR\video_images\video2_4150.jpg,E:\ANPR\video_images\video2_4150.xml,video2_4150.jpg,1697,737,PascalVOC_BBox_Text,OK,"MH02BT6482|261,482,785,643"
E:\ANPR\video_images\video2_4190.jpg,E:\ANPR\video_images\video2_4190.xml,video2_4190.jpg,1523,751,PascalVOC_BBox_Text,OK,"MH02BT6482|525,550,986,678"
E:\ANPR\video_images\video2_420.jpg,E:\ANPR\video_images\video2_420.xml,video2_420.jpg,1515,1073,PascalVOC_BBox_Text,OK,"MH02DN8718|383,622,872,802"
E:\ANPR\video_images\video2_4230.jpg,E:\ANPR\video_images\video2_4230.xml,video2_4230.jpg,1427,822,PascalVOC_BBox_Text,OK,"MH02BT6482|434,655,904,793"
E:\ANPR\video_images\video2_4280.jpg,E:\ANPR\video_images\video2_4280.xml,video2_4280.jpg,1627,959,PascalVOC_BBox_Text,OK,"MH04HP6100|214,257,618,437"
E:\ANPR\video_images\video2_4290.jpg,E:\ANPR\video_images\video2_4290.xml,video2_4290.jpg,1920,1008,PascalVOC_BBox_Text,OK,"MH04HP6100|229,296,623,497"
E:\ANPR\video_images\video2_430.jpg,E:\ANPR\video_images\video2_430.xml,video2_430.jpg,1920,1080,PascalVOC_BBox_Text,OK,"MH02DN8718|646,667,1129,832"
E:\ANPR\video_images\video2_4340.jpg,E:\ANPR\video_images\video2_4340.xml,video2_4340.jpg,588,569,PascalVOC_BBox_Text,OK,"MH01AV8814|162,226,284,262"
E:\ANPR\video_images\video2_4370.jpg,E:\ANPR\video_images\video2_4370.xml,video2_4370.jpg,455,595,PascalVOC_BBox_Text,OK,"MH01AV8814|185,254,319,292"
E:\ANPR\video_images\video2_440.jpg,E:\ANPR\video_images\video2_440.xml,video2_440.jpg,1920,1080,PascalVOC_BBox_Text,OK,"MH02DN8718|642,668,1110,833"
E:\ANPR\video_images\video2_4400.jpg,E:\ANPR\video_images\video2_4400.xml,video2_4400.jpg,595,770,PascalVOC_BBox_Text,OK,"MH01AV8814|211,338,401,391"
E:\ANPR\video_images\video2_4410.jpg,E:\ANPR\video_images\video2_4410.xml,video2_4410.jpg,732,946,PascalVOC_BBox_Text,OK,"MH01AV8814|270,426,466,486"
E:\ANPR\video_images\video2_450.jpg,E:\ANPR\video_images\video2_450.xml,video2_450.jpg,1920,1080,PascalVOC_BBox_Text,OK,"MH02DN8718|669,700,1127,856"
E:\ANPR\video_images\video2_4510.jpg,E:\ANPR\video_images\video2_4510.xml,video2_4510.jpg,1599,1080,PascalVOC_BBox_Text,OK,"MH02BT6482|711,475,1360,661"
E:\ANPR\video_images\video2_4520.jpg,E:\ANPR\video_images\video2_4520.xml,video2_4520.jpg,1920,1080,PascalVOC_BBox_Text,OK,"MH02BT6482|829,395,1580,627"
E:\ANPR\video_images\video2_460.jpg,E:\ANPR\video_images\video2_460.xml,video2_460.jpg,1920,1080,PascalVOC_BBox_Text,OK,"MH02DN8718|519,951,968,1080"
E:\ANPR\video_images\video2_470.jpg,E:\ANPR\video_images\video2_470.xml,video2_470.jpg,1920,1080,PascalVOC_BBox_Text,OK,"MH02DN8718|409,709,866,873"
E:\ANPR\video_images\video2_4760.jpg,E:\ANPR\video_images\video2_4760.xml,video2_4760.jpg,883,932,PascalVOC_BBox_Text,OK,"MH02BT6482|307,474,540,560"
E:\ANPR\video_images\video2_4770.jpg,E:\ANPR\video_images\video2_4770.xml,video2_4770.jpg,773,1080,PascalVOC_BBox_Text,OK,"MH02BT6482|267,605,486,688"
E:\ANPR\video_images\video2_4780.jpg,E:\ANPR\video_images\video2_4780.xml,video2_4780.jpg,664,898,PascalVOC_BBox_Text,OK,"MH02BT6482|260,418,467,500"
E:\ANPR\video_images\video2_480.jpg,E:\ANPR\video_images\video2_480.xml,video2_480.jpg,1920,1080,PascalVOC_BBox_Text,OK,"MH02DN8718|314,479,800,670"
E:\ANPR\video_images\video2_4870.jpg,E:\ANPR\video_images\video2_4870.xml,video2_4870.jpg,566,653,PascalVOC_BBox_Text,OK,"MH02BT6482|234,385,418,454"
E:\ANPR\video_images\video2_4980.jpg,E:\ANPR\video_images\video2_4980.xml,video2_4980.jpg,526,391,PascalVOC_BBox_Text,OK,"MH02BT6482|185,286,341,336"
E:\ANPR\video_images\video2_5240.jpg,E:\ANPR\video_images\video2_5240.xml,video2_5240.jpg,913,1065,PascalVOC_BBox_Text,OK,"MH02BT6482|337,503,605,605"
E:\ANPR\video_images\video2_5250.jpg,E:\ANPR\video_images\video2_5250.xml,video2_5250.jpg,1003,1080,PascalVOC_BBox_Text,OK,"MH02BT6482|403,500,664,602"
E:\ANPR\video_images\video2_5260.jpg,E:\ANPR\video_images\video2_5260.xml,video2_5260.jpg,915,973,PascalVOC_BBox_Text,OK,"MH02BT6482|365,425,619,530"
E:\ANPR\video_images\video2_5270.jpg,E:\ANPR\video_images\video2_5270.xml,video2_5270.jpg,725,770,PascalVOC_BBox_Text,OK,"MH02BT6482|347,197,610,290"
E:\ANPR\video_images\video2_5280.jpg,E:\ANPR\video_images\video2_5280.xml,video2_5280.jpg,669,629,PascalVOC_BBox_Text,OK,"MH02BT6482|363,91,625,169"
E:\ANPR\video_images\video2_5290.jpg,E:\ANPR\video_images\video2_5290.xml,video2_5290.jpg,505,765,PascalVOC_BBox_Text,OK,"MH02BT6482|175,293,422,365"
E:\ANPR\video_images\video2_5300.jpg,E:\ANPR\video_images\video2_5300.xml,video2_5300.jpg,518,835,PascalVOC_BBox_Text,OK,"MH02BT6482|206,413,449,488"
E:\ANPR\video_images\video2_610.jpg,E:\ANPR\video_images\video2_610.xml,video2_610.jpg,961,756,PascalVOC_BBox_Text,OK,"MH02BJ2456|291,293,577,375"
E:\ANPR\video_images\video2_620.jpg,E:\ANPR\video_images\video2_620.xml,video2_620.jpg,989,861,PascalVOC_BBox_Text,OK,"MH02BJ2456|281,401,585,480"
E:\ANPR\video_images\video2_650.jpg,E:\ANPR\video_images\video2_650.xml,video2_650.jpg,1599,1079,PascalVOC_BBox_Text,OK,"MH02BJ2456|361,432,786,568"
E:\ANPR\video_images\video2_820.jpg,E:\ANPR\video_images\video2_820.xml,video2_820.jpg,1184,651,PascalVOC_BBox_Text,OK,"MH02BR4503|105,283,269,332"
E:\ANPR\video_images\video3_1050.jpg,E:\ANPR\video_images\video3_1050.xml,video3_1050.jpg,440,483,PascalVOC_BBox_Text,OK,"ME02EE4077|72,299,191,335"
E:\ANPR\video_images\video3_1070.jpg,E:\ANPR\video_images\video3_1070.xml,video3_1070.jpg,388,687,PascalVOC_BBox_Text,OK,"MH02EE8407|131,483,216,509"
E:\ANPR\video_images\video3_1080.jpg,E:\ANPR\video_images\video3_1080.xml,video3_1080.jpg,526,742,PascalVOC_BBox_Text,OK,"MH02EE8407|133,521,236,558"
E:\ANPR\video_images\video3_1090.jpg,E:\ANPR\video_images\video3_1090.xml,video3_1090.jpg,775,1079,PascalVOC_BBox_Text,OK,"MH02EE8407|127,569,251,620"
E:\ANPR\video_images\video3_1100.jpg,E:\ANPR\video_images\video3_1100.xml,video3_1100.jpg,1075,1080,PascalVOC_BBox_Text,OK,"MH02EE8407|64,595,190,695"
E:\ANPR\video_images\video3_1120.jpg,E:\ANPR\video_images\video3_1120.xml,video3_1120.jpg,401,680,PascalVOC_BBox_Text,OK,"MH02EK4399|99,512,184,543"
E:\ANPR\video_images\video3_1130.jpg,E:\ANPR\video_images\video3_1130.xml,video3_1130.jpg,428,702,PascalVOC_BBox_Text,OK,"MH02EK4399|90,500,179,538"
E:\ANPR\video_images\video3_1140.jpg,E:\ANPR\video_images\video3_1140.xml,video3_1140.jpg,574,689,PascalVOC_BBox_Text,OK,"MH02EK4399|97,477,189,513"
E:\ANPR\video_images\video3_1150.jpg,E:\ANPR\video_images\video3_1150.xml,video3_1150.jpg,737,689,PascalVOC_BBox_Text,OK,"MH02EK4399|81,449,175,489"
E:\ANPR\video_images\video3_1180.jpg,E:\ANPR\video_images\video3_1180.xml,video3_1180.jpg,358,556,PascalVOC_BBox_Text,OK,"MH02BT6482|116,492,217,526"
E:\ANPR\video_images\video3_1190.jpg,E:\ANPR\video_images\video3_1190.xml,video3_1190.jpg,322,621,PascalVOC_BBox_Text,OK,"MH02BT6482|138,478,252,516"
E:\ANPR\video_images\video3_1200.jpg,E:\ANPR\video_images\video3_1200.xml,video3_1200.jpg,419,1080,PascalVOC_BBox_Text,OK,"MH02BT6482|162,474,290,515"
E:\ANPR\video_images\video3_1210.jpg,E:\ANPR\video_images\video3_1210.xml,video3_1210.jpg,553,1080,PascalVOC_BBox_Text,OK,"MH02BT6482|170,473,314,525"
E:\ANPR\video_images\video3_1220.jpg,E:\ANPR\video_images\video3_1220.xml,video3_1220.jpg,503,836,PascalVOC_BBox_Text,OK,"MH02BT6482|170,475,331,547"
E:\ANPR\video_images\video3_1350.jpg,E:\ANPR\video_images\video3_1350.xml,video3_1350.jpg,355,528,PascalVOC_BBox_Text,OK,"MH02CL4017|52,443,122,464"
E:\ANPR\video_images\video3_1360.jpg,E:\ANPR\video_images\video3_1360.xml,video3_1360.jpg,508,262,PascalVOC_BBox_Text,OK,"MH02CL4017|101,153,163,171"
E:\ANPR\video_images\video3_1370.jpg,E:\ANPR\video_images\video3_1370.xml,video3_1370.jpg,327,543,PascalVOC_BBox_Text,OK,"MH02CL4017|63,437,122,455"
E:\ANPR\video_images\video3_1440.jpg,E:\ANPR\video_images\video3_1440.xml,video3_1440.jpg,1047,722,PascalVOC_BBox_Text,OK,"MH14DX9938|192,465,436,532"
E:\ANPR\video_images\video3_1450.jpg,E:\ANPR\video_images\video3_1450.xml,video3_1450.jpg,649,694,PascalVOC_BBox_Text,OK,"MH14DX9938|193,438,416,495"
E:\ANPR\video_images\video3_1460.jpg,E:\ANPR\video_images\video3_1460.xml,video3_1460.jpg,490,763,PascalVOC_BBox_Text,OK,"MH14DX9938|179,410,387,471"
E:\ANPR\video_images\video3_1500.jpg,E:\ANPR\video_images\video3_1500.xml,video3_1500.jpg,358,435,PascalVOC_BBox_Text,OK,"MH14DX9938|93,339,248,385"
E:\ANPR\video_images\video3_1510.jpg,E:\ANPR\video_images\video3_1510.xml,video3_1510.jpg,333,595,PascalVOC_BBox_Text,OK,"MH14DX9938|104,368,249,409"
E:\ANPR\video_images\video3_1650.jpg,E:\ANPR\video_images\video3_1650.xml,video3_1650.jpg,786,700,PascalVOC_BBox_Text,OK,"MH02EE8407|157,487,340,562"
E:\ANPR\video_images\video3_1660.jpg,E:\ANPR\video_images\video3_1660.xml,video3_1660.jpg,739,671,PascalVOC_BBox_Text,OK,"MH02EE8407|208,463,381,530"
E:\ANPR\video_images\video3_1670.jpg,E:\ANPR\video_images\video3_1670.xml,video3_1670.jpg,678,757,PascalVOC_BBox_Text,OK,"MH02EE8407|185,469,345,531"
E:\ANPR\video_images\video3_1680.jpg,E:\ANPR\video_images\video3_1680.xml,video3_1680.jpg,582,742,PascalVOC_BBox_Text,OK,"MH02EE8407|181,459,335,517"
E:\ANPR\video_images\video3_1700.jpg,E:\ANPR\video_images\video3_1700.xml,video3_1700.jpg,523,475,PascalVOC_BBox_Text,OK,"MH02EE8407|204,260,337,302"
E:\ANPR\video_images\video3_1710.jpg,E:\ANPR\video_images\video3_1710.xml,video3_1710.jpg,502,404,PascalVOC_BBox_Text,OK,"MH02EE8407|197,206,320,243"
E:\ANPR\video_images\video3_1730.jpg,E:\ANPR\video_images\video3_1730.xml,video3_1730.jpg,371,504,PascalVOC_BBox_Text,OK,"MH02EE8407|130,393,243,425"
E:\ANPR\video_images\video3_1750.jpg,E:\ANPR\video_images\video3_1750.xml,video3_1750.jpg,1920,1080,PascalVOC_BBox_Text,OK,"MH02BT6482|152,517,616,682"
E:\ANPR\video_images\video3_1760.jpg,E:\ANPR\video_images\video3_1760.xml,video3_1760.jpg,1697,1080,PascalVOC_BBox_Text,OK,"MH02BT6482|328,482,728,623"
E:\ANPR\video_images\video3_1770.jpg,E:\ANPR\video_images\video3_1770.xml,video3_1770.jpg,1394,1080,PascalVOC_BBox_Text,OK,"MH02BT6482|301,470,651,589"
E:\ANPR\video_images\video3_1780.jpg,E:\ANPR\video_images\video3_1780.xml,video3_1780.jpg,1255,1080,PascalVOC_BBox_Text,OK,"MH02BT6482|315,457,629,569"
E:\ANPR\video_images\video3_1790.jpg,E:\ANPR\video_images\video3_1790.xml,video3_1790.jpg,673,1080,PascalVOC_BBox_Text,OK,"MH02BT6482|222,465,432,547"
E:\ANPR\video_images\video3_1800.jpg,E:\ANPR\video_images\video3_1800.xml,video3_1800.jpg,557,970,PascalVOC_BBox_Text,OK,"MH02BT6482|188,459,353,526"
E:\ANPR\video_images\video3_1810.jpg,E:\ANPR\video_images\video3_1810.xml,video3_1810.jpg,721,843,PascalVOC_BBox_Text,OK,"MH02BT6482|167,447,332,509"
E:\ANPR\video_images\video3_1820.jpg,E:\ANPR\video_images\video3_1820.xml,video3_1820.jpg,722,504,PascalVOC_BBox_Text,OK,"MH02BT6482|204,435,360,495"
E:\ANPR\video_images\video3_1840.jpg,E:\ANPR\video_images\video3_1840.xml,video3_1840.jpg,1071,1080,PascalVOC_BBox_Text,OK,"MH02EU4077|165,594,305,643"
E:\ANPR\video_images\video3_1850.jpg,E:\ANPR\video_images\video3_1850.xml,video3_1850.jpg,810,1080,PascalVOC_BBox_Text,OK,"MH02EU4077|124,542,254,581"
E:\ANPR\video_images\video3_1860.jpg,E:\ANPR\video_images\video3_1860.xml,video3_1860.jpg,655,837,PascalVOC_BBox_Text,OK,"MH02EU4077|128,510,247,549"
E:\ANPR\video_images\video3_1870.jpg,E:\ANPR\video_images\video3_1870.xml,video3_1870.jpg,522,759,PascalVOC_BBox_Text,OK,"MH02EU4077|133,491,244,520"
E:\ANPR\video_images\video3_1880.jpg,E:\ANPR\video_images\video3_1880.xml,video3_1880.jpg,394,741,PascalVOC_BBox_Text,OK,"MH02EU4077|119,475,219,501"
E:\ANPR\video_images\video3_1890.jpg,E:\ANPR\video_images\video3_1890.xml,video3_1890.jpg,351,644,PascalVOC_BBox_Text,OK,"MH02EU4077|116,461,207,485"
E:\ANPR\video_images\video3_1900.jpg,E:\ANPR\video_images\video3_1900.xml,video3_1900.jpg,305,655,PascalVOC_BBox_Text,OK,"MH02EU4077|122,434,206,456"
E:\ANPR\video_images\video3_1910.jpg,E:\ANPR\video_images\video3_1910.xml,video3_1910.jpg,344,545,PascalVOC_BBox_Text,OK,"MH02EU4077|159,415,236,433"
E:\ANPR\video_images\video3_1920.jpg,E:\ANPR\video_images\video3_1920.xml,video3_1920.jpg,785,771,PascalVOC_BBox_Text,OK,"MH01BD2186|138,426,290,474"
E:\ANPR\video_images\video3_1930.jpg,E:\ANPR\video_images\video3_1930.xml,video3_1930.jpg,609,710,PascalVOC_BBox_Text,OK,"MH01BD2186|120,406,254,447"
E:\ANPR\video_images\video3_1950.jpg,E:\ANPR\video_images\video3_1950.xml,video3_1950.jpg,1354,876,PascalVOC_BBox_Text,OK,"MH02ER9194|270,394,456,444"
E:\ANPR\video_images\video3_1960.jpg,E:\ANPR\video_images\video3_1960.xml,video3_1960.jpg,934,763,PascalVOC_BBox_Text,OK,"MH02ER9194|189,376,338,414"
E:\ANPR\video_images\video3_1970.jpg,E:\ANPR\video_images\video3_1970.xml,video3_1970.jpg,707,729,PascalVOC_BBox_Text,OK,"MH02ER9194|185,357,317,391"
E:\ANPR\video_images\video3_1980.jpg,E:\ANPR\video_images\video3_1980.xml,video3_1980.jpg,686,476,PascalVOC_BBox_Text,OK,"MH02ER9194|316,173,434,203"
E:\ANPR\video_images\video3_1990.jpg,E:\ANPR\video_images\video3_1990.xml,video3_1990.jpg,434,649,PascalVOC_BBox_Text,OK,"MH02ER9194|178,353,288,380"
E:\ANPR\video_images\video3_2000.jpg,E:\ANPR\video_images\video3_2000.xml,video3_2000.jpg,272,561,PascalVOC_BBox_Text,OK,"MH02ER9194|111,347,213,374"
E:\ANPR\video_images\video3_2170.jpg,E:\ANPR\video_images\video3_2170.xml,video3_2170.jpg,503,657,PascalVOC_BBox_Text,OK,"MH02BT6482|208,531,347,575"
E:\ANPR\video_images\video3_2180.jpg,E:\ANPR\video_images\video3_2180.xml,video3_2180.jpg,492,639,PascalVOC_BBox_Text,OK,"MH02BT6482|177,525,317,573"
E:\ANPR\video_images\video3_2190.jpg,E:\ANPR\video_images\video3_2190.xml,video3_2190.jpg,484,642,PascalVOC_BBox_Text,OK,"MH02BT6482|169,523,313,569"
E:\ANPR\video_images\video3_2200.jpg,E:\ANPR\video_images\video3_2200.xml,video3_2200.jpg,672,406,PascalVOC_BBox_Text,OK,"MH02BT6482|341,307,483,352"
E:\ANPR\video_images\video3_2210.jpg,E:\ANPR\video_images\video3_2210.xml,video3_2210.jpg,530,635,PascalVOC_BBox_Text,OK,"MH02BT6482|209,516,353,563"
E:\ANPR\video_images\video3_2220.jpg,E:\ANPR\video_images\video3_2220.xml,video3_2220.jpg,481,407,PascalVOC_BBox_Text,OK,"MH02BT6482|149,329,289,375"
E:\ANPR\video_images\video3_2230.jpg,E:\ANPR\video_images\video3_2230.xml,video3_2230.jpg,476,519,PascalVOC_BBox_Text,OK,"MH02BT6482|183,423,326,469"
E:\ANPR\video_images\video3_2240.jpg,E:\ANPR\video_images\video3_2240.xml,video3_2240.jpg,558,557,PascalVOC_BBox_Text,OK,"MH02BT6482|247,336,390,382"
E:\ANPR\video_images\video3_2250.jpg,E:\ANPR\video_images\video3_2250.xml,video3_2250.jpg,471,597,PascalVOC_BBox_Text,OK,"MH02BT6482|128,499,271,546"
E:\ANPR\video_images\video3_310.jpg,E:\ANPR\video_images\video3_310.xml,video3_310.jpg,424,1073,PascalVOC_BBox_Text,OK,"MH14FS5229|115,427,244,467"
E:\ANPR\video_images\video3_40.jpg,E:\ANPR\video_images\video3_40.xml,video3_40.jpg,1058,1065,PascalVOC_BBox_Text,OK,"MH01CT1710|161,545,575,671"
E:\ANPR\video_images\video3_440.jpg,E:\ANPR\video_images\video3_440.xml,video3_440.jpg,1167,805,PascalVOC_BBox_Text,OK,"MH14FM6930|16,425,167,479"
E:\ANPR\video_images\video3_450.jpg,E:\ANPR\video_images\video3_450.xml,video3_450.jpg,447,748,PascalVOC_BBox_Text,OK,"MH02EP5740|138,315,263,345"
E:\ANPR\video_images\video3_470.jpg,E:\ANPR\video_images\video3_470.xml,video3_470.jpg,1192,1072,PascalVOC_BBox_Text,OK,"MH02EP5740|171,487,330,536"
E:\ANPR\video_images\video3_540.jpg,E:\ANPR\video_images\video3_540.xml,video3_540.jpg,1920,1080,PascalVOC_BBox_Text,OK,"MH02ER9194|91,192,659,455"
E:\ANPR\video_images\video3_550.jpg,E:\ANPR\video_images\video3_550.xml,video3_550.jpg,1920,1080,PascalVOC_BBox_Text,OK,"MH02ER9194|21,145,598,408"
E:\ANPR\video_images\video3_560.jpg,E:\ANPR\video_images\video3_560.xml,video3_560.jpg,887,971,PascalVOC_BBox_Text,OK,"MH02ER9194|137,426,320,527"
E:\ANPR\video_images\video3_570.jpg,E:\ANPR\video_images\video3_570.xml,video3_570.jpg,754,1080,PascalVOC_BBox_Text,OK,"MH02ER9194|126,426,306,525"
E:\ANPR\video_images\video3_580.jpg,E:\ANPR\video_images\video3_580.xml,video3_580.jpg,740,1079,PascalVOC_BBox_Text,OK,"MH02ER9194|113,430,292,530"
E:\ANPR\video_images\video3_590.jpg,E:\ANPR\video_images\video3_590.xml,video3_590.jpg,800,1080,PascalVOC_BBox_Text,OK,"MH02ER9194|141,440,317,539"
E:\ANPR\video_images\video3_600.jpg,E:\ANPR\video_images\video3_600.xml,video3_600.jpg,740,1080,PascalVOC_BBox_Text,OK,"MH02ER9194|89,444,262,548"
E:\ANPR\video_images\video3_610.jpg,E:\ANPR\video_images\video3_610.xml,video3_610.jpg,756,1080,PascalVOC_BBox_Text,OK,"MH02ER9194|100,464,272,564"
E:\ANPR\video_images\video3_620.jpg,E:\ANPR\video_images\video3_620.xml,video3_620.jpg,720,1079,PascalVOC_BBox_Text,OK,"MH02ER9194|68,477,243,574"
E:\ANPR\video_images\video3_630.jpg,E:\ANPR\video_images\video3_630.xml,video3_630.jpg,703,1080,PascalVOC_BBox_Text,OK,"MH02ER9194|59,487,230,587"
E:\ANPR\video_images\video3_640.jpg,E:\ANPR\video_images\video3_640.xml,video3_640.jpg,727,1080,PascalVOC_BBox_Text,OK,"MH02ER9194|82,496,248,602"
E:\ANPR\video_images\video3_650.jpg,E:\ANPR\video_images\video3_650.xml,video3_650.jpg,931,1058,PascalVOC_BBox_Text,OK,"MH02ER9194|138,496,274,615"
E:\ANPR\video_images\video3_660.jpg,E:\ANPR\video_images\video3_660.xml,video3_660.jpg,1437,1080,PascalVOC_BBox_Text,OK,"MH02ER9194|502,352,685,477"
E:\ANPR\video_images\video4_1100.jpg,E:\ANPR\video_images\video4_1100.xml,video4_1100.jpg,661,414,PascalVOC_BBox_Text,OK,"GJ12FA0735|114,217,213,245"
E:\ANPR\video_images\video4_2020.jpg,E:\ANPR\video_images\video4_2020.xml,video4_2020.jpg,482,645,PascalVOC_BBox_Text,OK,"MH02DS3099|1,439,213,480"
E:\ANPR\video_images\video4_2030.jpg,E:\ANPR\video_images\video4_2030.xml,video4_2030.jpg,851,689,PascalVOC_BBox_Text,OK,"MH02DS3099|104,464,317,510"
E:\ANPR\video_images\video4_2120.jpg,E:\ANPR\video_images\video4_2120.xml,video4_2120.jpg,858,874,PascalVOC_BBox_Text,OK,"MH04DW9020|341,463,491,541"
E:\ANPR\video_images\video4_2130.jpg,E:\ANPR\video_images\video4_2130.xml,video4_2130.jpg,1007,838,PascalVOC_BBox_Text,OK,"MH04DW9020|426,459,593,551"
E:\ANPR\video_images\video4_2140.jpg,E:\ANPR\video_images\video4_2140.xml,video4_2140.jpg,1016,869,PascalVOC_BBox_Text,OK,"MH04DW9020|401,471,587,560"
E:\ANPR\video_images\video4_2150.jpg,E:\ANPR\video_images\video4_2150.xml,video4_2150.jpg,1036,888,PascalVOC_BBox_Text,OK,"MH04DW9020|340,469,538,569"
E:\ANPR\video_images\video4_2160.jpg,E:\ANPR\video_images\video4_2160.xml,video4_2160.jpg,1006,841,PascalVOC_BBox_Text,OK,"MH04DW9020|262,476,476,576"
E:\ANPR\video_images\video4_2170.jpg,E:\ANPR\video_images\video4_2170.xml,video4_2170.jpg,957,1080,PascalVOC_BBox_Text,OK,"MH04DW9020|170,473,405,582"
E:\ANPR\video_images\video4_2180.jpg,E:\ANPR\video_images\video4_2180.xml,video4_2180.jpg,883,913,PascalVOC_BBox_Text,OK,"MH04DW9020|30,468,298,594"
E:\ANPR\video_images\video4_2210.jpg,E:\ANPR\video_images\video4_2210.xml,video4_2210.jpg,321,624,PascalVOC_BBox_Text,OK,"MH01CT9150|115,521,188,552"
E:\ANPR\video_images\video4_2230.jpg,E:\ANPR\video_images\video4_2230.xml,video4_2230.jpg,366,562,PascalVOC_BBox_Text,OK,"MH01CT9150|157,348,227,380"
E:\ANPR\video_images\video4_2240.jpg,E:\ANPR\video_images\video4_2240.xml,video4_2240.jpg,635,748,PascalVOC_BBox_Text,OK,"MH01CT9150|214,438,356,503"
E:\ANPR\video_images\video4_2250.jpg,E:\ANPR\video_images\video4_2250.xml,video4_2250.jpg,1061,839,PascalVOC_BBox_Text,OK,"MH01CT9150|372,310,671,435"
E:\ANPR\video_images\video4_2260.jpg,E:\ANPR\video_images\video4_2260.xml,video4_2260.jpg,916,888,PascalVOC_BBox_Text,OK,"MH01CT9150|188,322,482,454"
E:\ANPR\video_images\video4_2290.jpg,E:\ANPR\video_images\video4_2290.xml,video4_2290.jpg,1028,902,PascalVOC_BBox_Text,OK,"MH01CT9150|388,354,712,504"
E:\ANPR\video_images\video4_2300.jpg,E:\ANPR\video_images\video4_2300.xml,video4_2300.jpg,1584,1080,PascalVOC_BBox_Text,OK,"MH01CT9150|734,369,1073,534"
E:\ANPR\video_images\video4_2310.jpg,E:\ANPR\video_images\video4_2310.xml,video4_2310.jpg,1920,1080,PascalVOC_BBox_Text,OK,"MH01CT9150|698,369,1061,565"
E:\ANPR\video_images\video4_2340.jpg,E:\ANPR\video_images\video4_2340.xml,video4_2340.jpg,1920,1080,PascalVOC_BBox_Text,OK,"MH01CT9150|1,408,350,663"
E:\ANPR\video_images\video4_2370.jpg,E:\ANPR\video_images\video4_2370.xml,video4_2370.jpg,1920,1080,PascalVOC_BBox_Text,OK,"MH01AH8495|552,276,900,406"
E:\ANPR\video_images\video4_2380.jpg,E:\ANPR\video_images\video4_2380.xml,video4_2380.jpg,1485,1013,PascalVOC_BBox_Text,OK,"MH01AH8495|176,242,531,373"
E:\ANPR\video_images\video4_2390.jpg,E:\ANPR\video_images\video4_2390.xml,video4_2390.jpg,1684,1041,PascalVOC_BBox_Text,OK,"MH01AH8495|143,236,484,375"
E:\ANPR\video_images\video4_2410.jpg,E:\ANPR\video_images\video4_2410.xml,video4_2410.jpg,835,1080,PascalVOC_BBox_Text,OK,"MH01AH8495|144,274,502,425"
E:\ANPR\video_images\video4_2420.jpg,E:\ANPR\video_images\video4_2420.xml,video4_2420.jpg,1644,1076,PascalVOC_BBox_Text,OK,"MH01AH8495|91,289,448,438"
E:\ANPR\video_images\video4_2430.jpg,E:\ANPR\video_images\video4_2430.xml,video4_2430.jpg,1920,1080,PascalVOC_BBox_Text,OK,"MH01AH8495|74,345,438,500"
E:\ANPR\video_images\video4_2440.jpg,E:\ANPR\video_images\video4_2440.xml,video4_2440.jpg,1920,1080,PascalVOC_BBox_Text,OK,"MH01AH8495|34,406,398,570"
E:\ANPR\video_images\video4_2490.jpg,E:\ANPR\video_images\video4_2490.xml,video4_2490.jpg,1206,1080,PascalVOC_BBox_Text,OK,"MH02AK5481|188,313,572,467"
E:\ANPR\video_images\video4_2500.jpg,E:\ANPR\video_images\video4_2500.xml,video4_2500.jpg,1366,1080,PascalVOC_BBox_Text,OK,"MH02AK5481|195,287,589,455"
E:\ANPR\video_images\video4_2580.jpg,E:\ANPR\video_images\video4_2580.xml,video4_2580.jpg,1206,911,PascalVOC_BBox_Text,OK,"MH01BU1852|277,262,502,378"
E:\ANPR\video_images\video4_2590.jpg,E:\ANPR\video_images\video4_2590.xml,video4_2590.jpg,1327,1080,PascalVOC_BBox_Text,OK,"MH01BU1852|394,242,633,384"
E:\ANPR\video_images\video4_2600.jpg,E:\ANPR\video_images\video4_2600.xml,video4_2600.jpg,1376,1080,PascalVOC_BBox_Text,OK,"MH01BU1852|368,195,613,339"
E:\ANPR\video_images\video4_2610.jpg,E:\ANPR\video_images\video4_2610.xml,video4_2610.jpg,731,495,PascalVOC_BBox_Text,OK,"MH01BU1852|230,173,479,338"
E:\ANPR\video_images\video4_2620.jpg,E:\ANPR\video_images\video4_2620.xml,video4_2620.jpg,1079,735,PascalVOC_BBox_Text,OK,"MH01BU1852|113,215,362,392"
E:\ANPR\video_images\video4_2630.jpg,E:\ANPR\video_images\video4_2630.xml,video4_2630.jpg,977,1080,PascalVOC_BBox_Text,OK,"MH01BU1852|13,217,266,404"
E:\ANPR\video_images\video4_2640.jpg,E:\ANPR\video_images\video4_2640.xml,video4_2640.jpg,716,569,PascalVOC_BBox_Text,OK,"MH01AV7461|201,399,428,467"
E:\ANPR\video_images\video4_2650.jpg,E:\ANPR\video_images\video4_2650.xml,video4_2650.jpg,620,823,PascalVOC_BBox_Text,OK,"MH01AV7461|310,564,547,640"
E:\ANPR\video_images\video4_2660.jpg,E:\ANPR\video_images\video4_2660.xml,video4_2660.jpg,481,765,PascalVOC_BBox_Text,OK,"MH01AV7461|194,593,428,673"
E:\ANPR\video_images\video4_2720.jpg,E:\ANPR\video_images\video4_2720.xml,video4_2720.jpg,1668,1036,PascalVOC_BBox_Text,OK,"MH01AV7461|244,617,497,713"
E:\ANPR\video_images\video4_2730.jpg,E:\ANPR\video_images\video4_2730.xml,video4_2730.jpg,1920,1080,PascalVOC_BBox_Text,OK,"MH01AV7461|239,650,491,744"
E:\ANPR\video_images\video4_2780.jpg,E:\ANPR\video_images\video4_2780.xml,video4_2780.jpg,1920,1080,PascalVOC_BBox_Text,OK,"MH01AV7461|87,378,348,483"
E:\ANPR\video_images\video4_2790.jpg,E:\ANPR\video_images\video4_2790.xml,video4_2790.jpg,1920,1080,PascalVOC_BBox_Text,OK,"MH01AV7461|114,400,375,499"
E:\ANPR\video_images\video4_2800.jpg,E:\ANPR\video_images\video4_2800.xml,video4_2800.jpg,1920,1080,PascalVOC_BBox_Text,OK,"MH01AV7461|147,417,405,519"
E:\ANPR\video_images\video4_2810.jpg,E:\ANPR\video_images\video4_2810.xml,video4_2810.jpg,1920,1080,PascalVOC_BBox_Text,OK,"MH01AV7461|188,428,445,527"
E:\ANPR\video_images\video4_2820.jpg,E:\ANPR\video_images\video4_2820.xml,video4_2820.jpg,1920,1080,PascalVOC_BBox_Text,OK,"MH01AV7461|238,436,495,536"
E:\ANPR\video_images\video4_2830.jpg,E:\ANPR\video_images\video4_2830.xml,video4_2830.jpg,1920,1080,PascalVOC_BBox_Text,OK,"MH01AV7461|275,482,533,581"
E:\ANPR\video_images\video4_2840.jpg,E:\ANPR\video_images\video4_2840.xml,video4_2840.jpg,1920,1080,PascalVOC_BBox_Text,OK,"MH01AV7461|141,582,398,678"
E:\ANPR\video_images\video4_2970.jpg,E:\ANPR\video_images\video4_2970.xml,video4_2970.jpg,1920,1080,PascalVOC_BBox_Text,OK,"MH02JA9655|515,301,683,497"
E:\ANPR\video_images\video4_3090.jpg,E:\ANPR\video_images\video4_3090.xml,video4_3090.jpg,1134,1080,PascalVOC_BBox_Text,OK,"MH01JA8939|333,504,668,609"
E:\ANPR\video_images\video4_3100.jpg,E:\ANPR\video_images\video4_3100.xml,video4_3100.jpg,1174,1080,PascalVOC_BBox_Text,OK,"MH01JA8939|281,558,636,669"
E:\ANPR\video_images\video4_3130.jpg,E:\ANPR\video_images\video4_3130.xml,video4_3130.jpg,1630,1076,PascalVOC_BBox_Text,OK,"MH01JA8939|292,632,737,782"
E:\ANPR\video_images\video4_3190.jpg,E:\ANPR\video_images\video4_3190.xml,video4_3190.jpg,1344,1080,PascalVOC_BBox_Text,OK,"MH01AX1113|186,469,420,566"
E:\ANPR\video_images\video4_3200.jpg,E:\ANPR\video_images\video4_3200.xml,video4_3200.jpg,1302,1080,PascalVOC_BBox_Text,OK,"MH01AX1113|31,412,278,528"
E:\ANPR\video_images\video4_3280.jpg,E:\ANPR\video_images\video4_3280.xml,video4_3280.jpg,1278,809,PascalVOC_BBox_Text,OK,"MH01AL9693|300,218,608,337"
E:\ANPR\video_images\video4_3290.jpg,E:\ANPR\video_images\video4_3290.xml,video4_3290.jpg,1500,1008,PascalVOC_BBox_Text,OK,"MH01AL9693|291,362,626,488"
E:\ANPR\video_images\video4_330.jpg,E:\ANPR\video_images\video4_330.xml,video4_330.jpg,1221,1080,PascalVOC_BBox_Text,OK,"MH04GM7982|358,81,777,220"
E:\ANPR\video_images\video4_3310.jpg,E:\ANPR\video_images\video4_3310.xml,video4_3310.jpg,1263,713,PascalVOC_BBox_Text,OK,"MH01AL9693|346,149,738,315"
E:\ANPR\video_images\video4_3320.jpg,E:\ANPR\video_images\video4_3320.xml,video4_3320.jpg,1222,776,PascalVOC_BBox_Text,OK,"MH01AL9693|158,168,586,353"
E:\ANPR\video_images\video4_3330.jpg,E:\ANPR\video_images\video4_3330.xml,video4_3330.jpg,1361,1080,PascalVOC_BBox_Text,OK,"MH01AL9693|60,270,527,478"
E:\ANPR\video_images\video4_340.jpg,E:\ANPR\video_images\video4_340.xml,video4_340.jpg,1920,1080,PascalVOC_BBox_Text,OK,"MH04GM7982|470,458,1009,620"
E:\ANPR\video_images\video4_3500.jpg,E:\ANPR\video_images\video4_3500.xml,video4_3500.jpg,549,747,PascalVOC_BBox_Text,OK,"MH02DJ8952|165,534,278,564"
E:\ANPR\video_images\video4_3510.jpg,E:\ANPR\video_images\video4_3510.xml,video4_3510.jpg,697,801,PascalVOC_BBox_Text,OK,"MH02DJ8952|130,534,256,579"
E:\ANPR\video_images\video4_3520.jpg,E:\ANPR\video_images\video4_3520.xml,video4_3520.jpg,800,869,PascalVOC_BBox_Text,OK,"MH02DJ8952|141,516,279,575"
E:\ANPR\video_images\video4_3720.jpg,E:\ANPR\video_images\video4_3720.xml,video4_3720.jpg,1920,1080,PascalVOC_BBox_Text,OK,"MH02DJ8952|80,417,763,729"
E:\ANPR\video_images\video4_3760.jpg,E:\ANPR\video_images\video4_3760.xml,video4_3760.jpg,1042,698,PascalVOC_BBox_Text,OK,"MH02DW8021|216,304,415,356"
E:\ANPR\video_images\video4_3770.jpg,E:\ANPR\video_images\video4_3770.xml,video4_3770.jpg,1097,720,PascalVOC_BBox_Text,OK,"MH02DW8021|232,336,425,386"
E:\ANPR\video_images\video4_3780.jpg,E:\ANPR\video_images\video4_3780.xml,video4_3780.jpg,985,838,PascalVOC_BBox_Text,OK,"MH02DW8021|233,369,417,426"
E:\ANPR\video_images\video4_3790.jpg,E:\ANPR\video_images\video4_3790.xml,video4_3790.jpg,901,1075,PascalVOC_BBox_Text,OK,"MH02DW8021|250,376,428,433"
E:\ANPR\video_images\video4_3800.jpg,E:\ANPR\video_images\video4_3800.xml,video4_3800.jpg,809,787,PascalVOC_BBox_Text,OK,"MH02DW8021|188,390,356,441"
E:\ANPR\video_images\video4_3810.jpg,E:\ANPR\video_images\video4_3810.xml,video4_3810.jpg,743,756,PascalVOC_BBox_Text,OK,"MH02DW8021|148,392,309,441"
E:\ANPR\video_images\video4_3820.jpg,E:\ANPR\video_images\video4_3820.xml,video4_3820.jpg,731,752,PascalVOC_BBox_Text,OK,"MH02DW8021|152,391,305,446"
E:\ANPR\video_images\video4_3830.jpg,E:\ANPR\video_images\video4_3830.xml,video4_3830.jpg,740,706,PascalVOC_BBox_Text,OK,"MH02DW8021|243,397,388,442"
E:\ANPR\video_images\video4_3840.jpg,E:\ANPR\video_images\video4_3840.xml,video4_3840.jpg,535,647,PascalVOC_BBox_Text,OK,"MH02DW8021|111,388,254,425"
E:\ANPR\video_images\video4_3850.jpg,E:\ANPR\video_images\video4_3850.xml,video4_3850.jpg,648,688,PascalVOC_BBox_Text,OK,"MH02DW8021|180,397,318,443"
E:\ANPR\video_images\video4_3860.jpg,E:\ANPR\video_images\video4_3860.xml,video4_3860.jpg,675,509,PascalVOC_BBox_Text,OK,"MH02DW8021|237,252,372,295"
E:\ANPR\video_images\video4_50.jpg,E:\ANPR\video_images\video4_50.xml,video4_50.jpg,1920,1080,PascalVOC_BBox_Text,OK,"MH02DN6980|811,491,1479,713"
E:\ANPR\video_images\video5_0.jpg,E:\ANPR\video_images\video5_0.xml,video5_0.jpg,814,1067,PascalVOC_BBox_Text,OK,"MH01BY7658|109,543,312,603"
E:\ANPR\video_images\video5_10.jpg,E:\ANPR\video_images\video5_10.xml,video5_10.jpg,1046,1080,PascalVOC_BBox_Text,OK,"MH01BY7658|77,600,314,678"
E:\ANPR\video_images\video5_100.jpg,E:\ANPR\video_images\video5_100.xml,video5_100.jpg,936,578,PascalVOC_BBox_Text,OK,"MH03CS6266|111,407,465,505"
E:\ANPR\video_images\video5_110.jpg,E:\ANPR\video_images\video5_110.xml,video5_110.jpg,905,551,PascalVOC_BBox_Text,OK,"MH03CS6266|111,389,483,491"
E:\ANPR\video_images\video5_120.jpg,E:\ANPR\video_images\video5_120.xml,video5_120.jpg,976,568,PascalVOC_BBox_Text,OK,"MH03CS6266|79,438,465,545"
E:\ANPR\video_images\video5_130.jpg,E:\ANPR\video_images\video5_130.xml,video5_130.jpg,920,543,PascalVOC_BBox_Text,OK,"MH03CS6266|65,416,459,521"
E:\ANPR\video_images\video5_140.jpg,E:\ANPR\video_images\video5_140.xml,video5_140.jpg,951,526,PascalVOC_BBox_Text,OK,"MH03CS6266|84,383,472,488"
E:\ANPR\video_images\video5_150.jpg,E:\ANPR\video_images\video5_150.xml,video5_150.jpg,936,596,PascalVOC_BBox_Text,OK,"MH03CS6266|110,437,496,537"
E:\ANPR\video_images\video5_160.jpg,E:\ANPR\video_images\video5_160.xml,video5_160.jpg,1042,586,PascalVOC_BBox_Text,OK,"MH03CS6266|166,437,554,538"
E:\ANPR\video_images\video5_170.jpg,E:\ANPR\video_images\video5_170.xml,video5_170.jpg,1020,585,PascalVOC_BBox_Text,OK,"MH03CS6266|210,441,591,542"
E:\ANPR\video_images\video5_180.jpg,E:\ANPR\video_images\video5_180.xml,video5_180.jpg,916,633,PascalVOC_BBox_Text,OK,"MH03CS6266|111,493,497,595"
E:\ANPR\video_images\video5_1820.jpg,E:\ANPR\video_images\video5_1820.xml,video5_1820.jpg,1184,784,PascalVOC_BBox_Text,OK,"MH01CV6333|340,90,756,209"
E:\ANPR\video_images\video5_1830.jpg,E:\ANPR\video_images\video5_1830.xml,video5_1830.jpg,1300,741,PascalVOC_BBox_Text,OK,"MH01CV6333|435,140,840,261"
E:\ANPR\video_images\video5_1840.jpg,E:\ANPR\video_images\video5_1840.xml,video5_1840.jpg,1327,796,PascalVOC_BBox_Text,OK,"MH01CV6333|486,172,876,283"
E:\ANPR\video_images\video5_190.jpg,E:\ANPR\video_images\video5_190.xml,video5_190.jpg,909,614,PascalVOC_BBox_Text,OK,"MH03CS6266|101,474,487,575"
E:\ANPR\video_images\video5_340.jpg,E:\ANPR\video_images\video5_340.xml,video5_340.jpg,1092,1053,PascalVOC_BBox_Text,OK,"MH03CS6266|266,610,926,806"
E:\ANPR\video_images\video5_350.jpg,E:\ANPR\video_images\video5_350.xml,video5_350.jpg,1029,1073,PascalVOC_BBox_Text,OK,"MH03CS6266|246,599,898,798"
E:\ANPR\video_images\video5_360.jpg,E:\ANPR\video_images\video5_360.xml,video5_360.jpg,933,1079,PascalVOC_BBox_Text,OK,"MH03CS6266|159,597,807,797"
E:\ANPR\video_images\video5_370.jpg,E:\ANPR\video_images\video5_370.xml,video5_370.jpg,1022,1080,PascalVOC_BBox_Text,OK,"MH03CS6266|115,581,766,785"
E:\ANPR\video_images\video5_380.jpg,E:\ANPR\video_images\video5_380.xml,video5_380.jpg,933,1080,PascalVOC_BBox_Text,OK,"MH03CS6266|44,578,697,778"
E:\ANPR\video_images\video5_390.jpg,E:\ANPR\video_images\video5_390.xml,video5_390.jpg,903,1080,PascalVOC_BBox_Text,OK,"MH03CS6266|105,571,760,770"
E:\ANPR\video_images\video5_400.jpg,E:\ANPR\video_images\video5_400.xml,video5_400.jpg,993,1080,PascalVOC_BBox_Text,OK,"MH03CS6266|109,567,754,764"
E:\ANPR\video_images\video5_430.jpg,E:\ANPR\video_images\video5_430.xml,video5_430.jpg,1920,1080,PascalVOC_BBox_Text,OK,"MH01CY6333|532,337,1142,545"
E:\ANPR\video_images\video5_470.jpg,E:\ANPR\video_images\video5_470.xml,video5_470.jpg,1386,1080,PascalVOC_BBox_Text,OK,"MH03CS6266|902,362,1133,431"
E:\ANPR\video_images\video5_480.jpg,E:\ANPR\video_images\video5_480.xml,video5_480.jpg,1616,1080,PascalVOC_BBox_Text,OK,"MH03CS6266|1041,402,1279,472"
E:\ANPR\video_images\video5_490.jpg,E:\ANPR\video_images\video5_490.xml,video5_490.jpg,1139,1080,PascalVOC_BBox_Text,OK,"MH03CS6266|580,375,815,446"
E:\ANPR\video_images\video5_500.jpg,E:\ANPR\video_images\video5_500.xml,video5_500.jpg,994,1003,PascalVOC_BBox_Text,OK,"MH03CS6266|508,302,741,369"
E:\ANPR\video_images\video5_510.jpg,E:\ANPR\video_images\video5_510.xml,video5_510.jpg,930,921,PascalVOC_BBox_Text,OK,"MH03CS6266|439,297,661,356"
E:\ANPR\video_images\video5_520.jpg,E:\ANPR\video_images\video5_520.xml,video5_520.jpg,883,747,PascalVOC_BBox_Text,OK,"MH03CS6266|403,291,612,349"
E:\ANPR\video_images\video5_60.jpg,E:\ANPR\video_images\video5_60.xml,video5_60.jpg,610,327,PascalVOC_BBox_Text,OK,"MH03CS6266|174,222,340,258"
E:\ANPR\video_images\video5_70.jpg,E:\ANPR\video_images\video5_70.xml,video5_70.jpg,530,319,PascalVOC_BBox_Text,OK,"MH03CS6266|94,227,272,270"
E:\ANPR\video_images\video5_80.jpg,E:\ANPR\video_images\video5_80.xml,video5_80.jpg,573,361,PascalVOC_BBox_Text,OK,"MH03CS6266|53,241,246,289"
E:\ANPR\video_images\video5_90.jpg,E:\ANPR\video_images\video5_90.xml,video5_90.jpg,634,312,PascalVOC_BBox_Text,OK,"MH03CS6266|83,224,295,280"
E:\ANPR\video_images\video6_1000.jpg,E:\ANPR\video_images\video6_1000.xml,video6_1000.jpg,1920,1080,PascalVOC_BBox_Text,OK,"MH02DS9365|589,265,1227,449"
E:\ANPR\video_images\video6_1010.jpg,E:\ANPR\video_images\video6_1010.xml,video6_1010.jpg,1920,1080,PascalVOC_BBox_Text,OK,"MH02DS9365|497,138,1150,327"
E:\ANPR\video_images\video6_1020.jpg,E:\ANPR\video_images\video6_1020.xml,video6_1020.jpg,1920,1080,PascalVOC_BBox_Text,OK,"MH02DS9365|332,10,997,195"
E:\ANPR\video_images\video6_1030.jpg,E:\ANPR\video_images\video6_1030.xml,video6_1030.jpg,1920,1080,PascalVOC_BBox_Text,OK,"MH02DS9365|102,185,795,381"
E:\ANPR\video_images\video6_1040.jpg,E:\ANPR\video_images\video6_1040.xml,video6_1040.jpg,1920,1080,PascalVOC_BBox_Text,OK,"MH02DS9365|164,303,847,496"
E:\ANPR\video_images\video6_1050.jpg,E:\ANPR\video_images\video6_1050.xml,video6_1050.jpg,1920,1080,PascalVOC_BBox_Text,OK,"MH02DS9365|637,317,1263,520"
E:\ANPR\video_images\video6_1060.jpg,E:\ANPR\video_images\video6_1060.xml,video6_1060.jpg,1920,1080,PascalVOC_BBox_Text,OK,"MH02DS9365|911,308,1471,463"
E:\ANPR\video_images\video6_1070.jpg,E:\ANPR\video_images\video6_1070.xml,video6_1070.jpg,1920,1080,PascalVOC_BBox_Text,OK,"MH02DS9365|1086,335,1593,476"
E:\ANPR\video_images\video6_1080.jpg,E:\ANPR\video_images\video6_1080.xml,video6_1080.jpg,1920,1080,PascalVOC_BBox_Text,OK,"MH02DS9365|1151,365,1611,479"
E:\ANPR\video_images\video6_1090.jpg,E:\ANPR\video_images\video6_1090.xml,video6_1090.jpg,1920,1080,PascalVOC_BBox_Text,OK,"MH02DS9365|1089,120,1520,228"
E:\ANPR\video_images\video6_1100.jpg,E:\ANPR\video_images\video6_1100.xml,video6_1100.jpg,1681,1080,PascalVOC_BBox_Text,OK,"MH02DS9365|964,3,1363,97"
E:\ANPR\video_images\video6_1110.jpg,E:\ANPR\video_images\video6_1110.xml,video6_1110.jpg,1607,1080,PascalVOC_BBox_Text,OK,"MH02DS9365|868,21,1257,128"
E:\ANPR\video_images\video6_1120.jpg,E:\ANPR\video_images\video6_1120.xml,video6_1120.jpg,1497,1080,PascalVOC_BBox_Text,OK,"MH02DS9365|819,231,1191,341"
E:\ANPR\video_images\video6_1130.jpg,E:\ANPR\video_images\video6_1130.xml,video6_1130.jpg,1499,1080,PascalVOC_BBox_Text,OK,"MH02DS9365|846,331,1205,429"
E:\ANPR\video_images\video6_1140.jpg,E:\ANPR\video_images\video6_1140.xml,video6_1140.jpg,1483,1080,PascalVOC_BBox_Text,OK,"MH02DS9365|935,372,1269,463"
E:\ANPR\video_images\video6_1150.jpg,E:\ANPR\video_images\video6_1150.xml,video6_1150.jpg,1454,1080,PascalVOC_BBox_Text,OK,"MH02DS9365|1065,402,1373,495"
E:\ANPR\video_images\video6_200.jpg,E:\ANPR\video_images\video6_200.xml,video6_200.jpg,658,399,PascalVOC_BBox_Text,OK,"PB11AG0774|183,240,292,266"
E:\ANPR\video_images\video6_210.jpg,E:\ANPR\video_images\video6_210.xml,video6_210.jpg,639,275,PascalVOC_BBox_Text,OK,"PB11AG0774|145,125,244,151"
E:\ANPR\video_images\video6_220.jpg,E:\ANPR\video_images\video6_220.xml,video6_220.jpg,335,342,PascalVOC_BBox_Text,OK,"PB11AG0774|101,226,192,250"
E:\ANPR\video_images\video6_260.jpg,E:\ANPR\video_images\video6_260.xml,video6_260.jpg,657,561,PascalVOC_BBox_Text,OK,"MH06AZ3571|136,411,345,459"
E:\ANPR\video_images\video6_40.jpg,E:\ANPR\video_images\video6_40.xml,video6_40.jpg,503,254,PascalVOC_BBox_Text,OK,"PB11AG0774|123,115,231,146"
E:\ANPR\video_images\video6_440.jpg,E:\ANPR\video_images\video6_440.xml,video6_440.jpg,1633,1080,PascalVOC_BBox_Text,OK,"MH01BD1897|394,313,1063,531"
E:\ANPR\video_images\video6_650.jpg,E:\ANPR\video_images\video6_650.xml,video6_650.jpg,386,464,PascalVOC_BBox_Text,OK,"MHD1CV9311|195,240,373,281"
E:\ANPR\video_images\video6_710.jpg,E:\ANPR\video_images\video6_710.xml,video6_710.jpg,719,906,PascalVOC_BBox_Text,OK,"MHD1CV9311|227,710,459,796"
E:\ANPR\video_images\video6_80.jpg,E:\ANPR\video_images\video6_80.xml,video6_80.jpg,275,130,PascalVOC_BBox_Text,OK,"PB11AG0774|45,50,142,76"
E:\ANPR\video_images\video6_810.jpg,E:\ANPR\video_images\video6_810.xml,video6_810.jpg,1920,1080,PascalVOC_BBox_Text,OK,"MH02DS9365|1270,177,1854,303"
E:\ANPR\video_images\video6_820.jpg,E:\ANPR\video_images\video6_820.xml,video6_820.jpg,1920,1080,PascalVOC_BBox_Text,OK,"MH02DS9365|952,277,1597,420"
E:\ANPR\video_images\video6_830.jpg,E:\ANPR\video_images\video6_830.xml,video6_830.jpg,1920,1080,PascalVOC_BBox_Text,OK,"MH02DS9365|809,332,1496,491"
E:\ANPR\video_images\video6_840.jpg,E:\ANPR\video_images\video6_840.xml,video6_840.jpg,1920,1080,PascalVOC_BBox_Text,OK,"MH02DS9365|670,369,1378,536"
E:\ANPR\video_images\video6_850.jpg,E:\ANPR\video_images\video6_850.xml,video6_850.jpg,1920,1080,PascalVOC_BBox_Text,OK,"MH02DS9365|582,349,1292,518"
E:\ANPR\video_images\video6_860.jpg,E:\ANPR\video_images\video6_860.xml,video6_860.jpg,1920,1080,PascalVOC_BBox_Text,OK,"MH02DS9365|557,278,1238,437"
E:\ANPR\video_images\video6_870.jpg,E:\ANPR\video_images\video6_870.xml,video6_870.jpg,1920,1080,PascalVOC_BBox_Text,OK,"MH02DS9365|583,255,1218,406"
E:\ANPR\video_images\video6_880.jpg,E:\ANPR\video_images\video6_880.xml,video6_880.jpg,1920,1080,PascalVOC_BBox_Text,OK,"MH02DS9365|688,278,1283,414"
E:\ANPR\video_images\video6_890.jpg,E:\ANPR\video_images\video6_890.xml,video6_890.jpg,1920,1080,PascalVOC_BBox_Text,OK,"MH02DS9365|788,267,1342,403"
E:\ANPR\video_images\video6_900.jpg,E:\ANPR\video_images\video6_900.xml,video6_900.jpg,1920,1080,PascalVOC_BBox_Text,OK,"MH02DS9365|845,260,1371,396"
E:\ANPR\video_images\video6_910.jpg,E:\ANPR\video_images\video6_910.xml,video6_910.jpg,1920,1080,PascalVOC_BBox_Text,OK,"MH02DS9365|854,292,1373,413"
E:\ANPR\video_images\video6_920.jpg,E:\ANPR\video_images\video6_920.xml,video6_920.jpg,1920,1080,PascalVOC_BBox_Text,OK,"MH02DS9365|852,285,1378,420"
E:\ANPR\video_images\video6_930.jpg,E:\ANPR\video_images\video6_930.xml,video6_930.jpg,1920,1080,PascalVOC_BBox_Text,OK,"MH02DS9365|821,282,1357,417"
E:\ANPR\video_images\video6_940.jpg,E:\ANPR\video_images\video6_940.xml,video6_940.jpg,1920,1080,PascalVOC_BBox_Text,OK,"MH02DS9365|784,288,1329,419"
E:\ANPR\video_images\video6_950.jpg,E:\ANPR\video_images\video6_950.xml,video6_950.jpg,1761,1077,PascalVOC_BBox_Text,OK,"MH02DS9365|664,313,1217,448"
E:\ANPR\video_images\video6_960.jpg,E:\ANPR\video_images\video6_960.xml,video6_960.jpg,1563,1080,PascalVOC_BBox_Text,OK,"MH02DS9365|348,294,929,434"
E:\ANPR\video_images\video6_970.jpg,E:\ANPR\video_images\video6_970.xml,video6_970.jpg,1468,1070,PascalVOC_BBox_Text,OK,"MH02DS9365|70,321,676,497"
E:\ANPR\video_images\video6_990.jpg,E:\ANPR\video_images\video6_990.xml,video6_990.jpg,1920,1080,PascalVOC_BBox_Text,OK,"MH02DS9365|465,328,1075,490"
E:\ANPR\video_images\video8_0.jpg,E:\ANPR\video_images\video8_0.xml,video8_0.jpg,542,917,PascalVOC_BBox_Text,OK,"MH02CD3654|83,404,185,449"
E:\ANPR\video_images\video8_10.jpg,E:\ANPR\video_images\video8_10.xml,video8_10.jpg,769,1080,PascalVOC_BBox_Text,OK,"MH02CD3654|96,600,225,663"
E:\ANPR\video_images\video8_1030.jpg,E:\ANPR\video_images\video8_1030.xml,video8_1030.jpg,446,986,PascalVOC_BBox_Text,OK,"MH02EE6842|141,462,271,503"
E:\ANPR\video_images\video8_1040.jpg,E:\ANPR\video_images\video8_1040.xml,video8_1040.jpg,636,836,PascalVOC_BBox_Text,OK,"MH02EE6842|127,486,282,527"
E:\ANPR\video_images\video8_1050.jpg,E:\ANPR\video_images\video8_1050.xml,video8_1050.jpg,1501,1079,PascalVOC_BBox_Text,OK,"MH02EE6842|693,461,889,525"
E:\ANPR\video_images\video8_1090.jpg,E:\ANPR\video_images\video8_1090.xml,video8_1090.jpg,750,696,PascalVOC_BBox_Text,OK,"MH03AM3025|497,572,628,625"
E:\ANPR\video_images\video8_1110.jpg,E:\ANPR\video_images\video8_1110.xml,video8_1110.jpg,780,590,PascalVOC_BBox_Text,OK,"MH03AM3025|401,414,589,464"
E:\ANPR\video_images\video8_1120.jpg,E:\ANPR\video_images\video8_1120.xml,video8_1120.jpg,661,621,PascalVOC_BBox_Text,OK,"MH03AM3025|158,462,402,513"
E:\ANPR\video_images\video8_130.jpg,E:\ANPR\video_images\video8_130.xml,video8_130.jpg,533,512,PascalVOC_BBox_Text,OK,"MH12DG7144|70,395,161,424"
E:\ANPR\video_images\video8_1300.jpg,E:\ANPR\video_images\video8_1300.xml,video8_1300.jpg,906,825,PascalVOC_BBox_Text,OK,"MH02CR4364|91,481,221,541"
E:\ANPR\video_images\video8_1310.jpg,E:\ANPR\video_images\video8_1310.xml,video8_1310.jpg,1174,1080,PascalVOC_BBox_Text,OK,"MH02CR4364|94,419,218,496"
E:\ANPR\video_images\video8_1320.jpg,E:\ANPR\video_images\video8_1320.xml,video8_1320.jpg,1561,988,PascalVOC_BBox_Text,OK,"MH02CR4364|68,453,167,538"
E:\ANPR\video_images\video8_1340.jpg,E:\ANPR\video_images\video8_1340.xml,video8_1340.jpg,504,339,PascalVOC_BBox_Text,OK,"MH01BG7161|55,131,160,169"
E:\ANPR\video_images\video8_1350.jpg,E:\ANPR\video_images\video8_1350.xml,video8_1350.jpg,527,298,PascalVOC_BBox_Text,OK,"MH01BG7161|50,115,168,158"
E:\ANPR\video_images\video8_1360.jpg,E:\ANPR\video_images\video8_1360.xml,video8_1360.jpg,220,99,PascalVOC_BBox_Text,OK,"MH01BG7161|30,44,158,92"
E:\ANPR\video_images\video8_1370.jpg,E:\ANPR\video_images\video8_1370.xml,video8_1370.jpg,1077,1010,PascalVOC_BBox_Text,OK,"MH01BG7161|122,354,265,418"
E:\ANPR\video_images\video8_1380.jpg,E:\ANPR\video_images\video8_1380.xml,video8_1380.jpg,1182,854,PascalVOC_BBox_Text,OK,"MH01BG7161|187,404,330,474"
E:\ANPR\video_images\video8_1390.jpg,E:\ANPR\video_images\video8_1390.xml,video8_1390.jpg,1417,878,PascalVOC_BBox_Text,OK,"MH01BG7161|91,399,221,487"
E:\ANPR\video_images\video8_1410.jpg,E:\ANPR\video_images\video8_1410.xml,video8_1410.jpg,529,297,PascalVOC_BBox_Text,OK,"MH4705851|213,178,316,203"
E:\ANPR\video_images\video8_1420.jpg,E:\ANPR\video_images\video8_1420.xml,video8_1420.jpg,487,331,PascalVOC_BBox_Text,OK,"MH4705851|159,173,257,198"
E:\ANPR\video_images\video8_1430.jpg,E:\ANPR\video_images\video8_1430.xml,video8_1430.jpg,625,326,PascalVOC_BBox_Text,OK,"MH4705851|222,172,317,197"
E:\ANPR\video_images\video8_1440.jpg,E:\ANPR\video_images\video8_1440.xml,video8_1440.jpg,1017,856,PascalVOC_BBox_Text,OK,"MH4705851|347,456,624,525"
E:\ANPR\video_images\video8_1450.jpg,E:\ANPR\video_images\video8_1450.xml,video8_1450.jpg,729,988,PascalVOC_BBox_Text,OK,"MH4705851|28,507,303,577"
E:\ANPR\video_images\video8_1510.jpg,E:\ANPR\video_images\video8_1510.xml,video8_1510.jpg,1920,1080,PascalVOC_BBox_Text,OK,"MH4705851|1133,238,1448,340"
E:\ANPR\video_images\video8_1520.jpg,E:\ANPR\video_images\video8_1520.xml,video8_1520.jpg,1920,1080,PascalVOC_BBox_Text,OK,"MH4705851|964,700,1277,805"
E:\ANPR\video_images\video8_1540.jpg,E:\ANPR\video_images\video8_1540.xml,video8_1540.jpg,1442,1065,PascalVOC_BBox_Text,OK,"MH4705851|1025,151,1312,232"
E:\ANPR\video_images\video8_1550.jpg,E:\ANPR\video_images\video8_1550.xml,video8_1550.jpg,1385,929,PascalVOC_BBox_Text,OK,"MH4705851|773,491,1037,570"
E:\ANPR\video_images\video8_1570.jpg,E:\ANPR\video_images\video8_1570.xml,video8_1570.jpg,1209,1080,PascalVOC_BBox_Text,OK,"MH4705851|592,358,821,421"
E:\ANPR\video_images\video8_1580.jpg,E:\ANPR\video_images\video8_1580.xml,video8_1580.jpg,911,1079,PascalVOC_BBox_Text,OK,"MH4705851|419,719,629,787"
E:\ANPR\video_images\video8_1590.jpg,E:\ANPR\video_images\video8_1590.xml,video8_1590.jpg,852,1080,PascalVOC_BBox_Text,OK,"MH4705851|381,864,583,923"
E:\ANPR\video_images\video8_1600.jpg,E:\ANPR\video_images\video8_1600.xml,video8_1600.jpg,692,568,PascalVOC_BBox_Text,OK,"MH4705851|328,230,518,286"
E:\ANPR\video_images\video8_1610.jpg,E:\ANPR\video_images\video8_1610.xml,video8_1610.jpg,421,651,PascalVOC_BBox_Text,OK,"MH4705851|211,335,394,384"
E:\ANPR\video_images\video8_1680.jpg,E:\ANPR\video_images\video8_1680.xml,video8_1680.jpg,1080,619,PascalVOC_BBox_Text,OK,"MH47AZ8323|416,344,763,481"
E:\ANPR\video_images\video8_1890.jpg,E:\ANPR\video_images\video8_1890.xml,video8_1890.jpg,617,675,PascalVOC_BBox_Text,OK,"MH02EH1077|270,359,389,402"
E:\ANPR\video_images\video8_20.jpg,E:\ANPR\video_images\video8_20.xml,video8_20.jpg,1122,1080,PascalVOC_BBox_Text,OK,"MH02CD3654|114,665,283,761"
E:\ANPR\video_images\video8_2090.jpg,E:\ANPR\video_images\video8_2090.xml,video8_2090.jpg,1206,675,PascalVOC_BBox_Text,OK,"MH02CR8276|973,326,1038,348"
E:\ANPR\video_images\video8_2100.jpg,E:\ANPR\video_images\video8_2100.xml,video8_2100.jpg,545,613,PascalVOC_BBox_Text,OK,"MH02CR8276|147,382,231,417"
E:\ANPR\video_images\video8_2260.jpg,E:\ANPR\video_images\video8_2260.xml,video8_2260.jpg,375,840,PascalVOC_BBox_Text,OK,"MH01BT9066|183,476,255,496"
E:\ANPR\video_images\video8_2270.jpg,E:\ANPR\video_images\video8_2270.xml,video8_2270.jpg,388,1050,PascalVOC_BBox_Text,OK,"MH01BT9066|182,489,255,512"
E:\ANPR\video_images\video8_2350.jpg,E:\ANPR\video_images\video8_2350.xml,video8_2350.jpg,377,616,PascalVOC_BBox_Text,OK,"MH01BT9066|128,414,205,444"
E:\ANPR\video_images\video8_2360.jpg,E:\ANPR\video_images\video8_2360.xml,video8_2360.jpg,445,1080,PascalVOC_BBox_Text,OK,"MH01BT9066|138,401,215,435"
E:\ANPR\video_images\video8_2450.jpg,E:\ANPR\video_images\video8_2450.xml,video8_2450.jpg,269,588,PascalVOC_BBox_Text,OK,"MH4705851|156,409,254,442"
E:\ANPR\video_images\video8_2460.jpg,E:\ANPR\video_images\video8_2460.xml,video8_2460.jpg,389,1003,PascalVOC_BBox_Text,OK,"MH02FD6534|80,719,184,798"
E:\ANPR\video_images\video8_2470.jpg,E:\ANPR\video_images\video8_2470.xml,video8_2470.jpg,221,485,PascalVOC_BBox_Text,OK,"MH4705851|106,268,202,296"
E:\ANPR\video_images\video8_2480.jpg,E:\ANPR\video_images\video8_2480.xml,video8_2480.jpg,228,474,PascalVOC_BBox_Text,OK,"MH4705851|113,202,209,228"
E:\ANPR\video_images\video8_250.jpg,E:\ANPR\video_images\video8_250.xml,video8_250.jpg,518,491,PascalVOC_BBox_Text,OK,"MH47AU1306|178,349,241,366"
E:\ANPR\video_images\video8_260.jpg,E:\ANPR\video_images\video8_260.xml,video8_260.jpg,708,536,PascalVOC_BBox_Text,OK,"MH47AU1306|308,347,382,368"
E:\ANPR\video_images\video8_270.jpg,E:\ANPR\video_images\video8_270.xml,video8_270.jpg,704,614,PascalVOC_BBox_Text,OK,"MH47AU1306|137,359,226,387"
E:\ANPR\video_images\video8_660.jpg,E:\ANPR\video_images\video8_660.xml,video8_660.jpg,682,684,PascalVOC_BBox_Text,OK,"MH010PO323|130,447,222,480"
E:\ANPR\video_images\video8_730.jpg,E:\ANPR\video_images\video8_730.xml,video8_730.jpg,485,666,PascalVOC_BBox_Text,OK,"MH01CR7388|162,458,249,486"
E:\ANPR\video_images\video8_740.jpg,E:\ANPR\video_images\video8_740.xml,video8_740.jpg,437,705,PascalVOC_BBox_Text,OK,"MH01CR7388|98,479,200,512"
E:\ANPR\video_images\video8_750.jpg,E:\ANPR\video_images\video8_750.xml,video8_750.jpg,578,851,PascalVOC_BBox_Text,OK,"MH01CR7388|122,488,238,530"
E:\ANPR\video_images\video8_760.jpg,E:\ANPR\video_images\video8_760.xml,video8_760.jpg,851,1080,PascalVOC_BBox_Text,OK,"MH01CR7388|167,525,305,584"
E:\ANPR\video_images\video8_770.jpg,E:\ANPR\video_images\video8_770.xml,video8_770.jpg,1055,1072,PascalVOC_BBox_Text,OK,"MH01CR7388|30,552,192,633"
E:\ANPR\video_images\video8_780.jpg,E:\ANPR\video_images\video8_780.xml,video8_780.jpg,692,1080,PascalVOC_BBox_Text,OK,"MH12SF3212|151,454,247,495"
E:\ANPR\video_images\video8_790.jpg,E:\ANPR\video_images\video8_790.xml,video8_790.jpg,1142,1080,PascalVOC_BBox_Text,OK,"MH12SF3212|335,440,454,496"
E:\ANPR\video_images\video8_800.jpg,E:\ANPR\video_images\video8_800.xml,video8_800.jpg,1470,1080,PascalVOC_BBox_Text,OK,"MH12SF3212|134,459,281,535"
E:\ANPR\video_images\video8_840.jpg,E:\ANPR\video_images\video8_840.xml,video8_840.jpg,733,674,PascalVOC_BBox_Text,OK,"MH02DS4676|158,409,263,445"
E:\ANPR\video_images\video8_850.jpg,E:\ANPR\video_images\video8_850.xml,video8_850.jpg,504,713,PascalVOC_BBox_Text,OK,"MH01BT0050|123,358,273,401"
E:\ANPR\video_images\video8_860.jpg,E:\ANPR\video_images\video8_860.xml,video8_860.jpg,592,1080,PascalVOC_BBox_Text,OK,"MH01BT0050|126,379,294,433"
E:\ANPR\video_images\video8_870.jpg,E:\ANPR\video_images\video8_870.xml,video8_870.jpg,807,1080,PascalVOC_BBox_Text,OK,"MH01BT0050|141,429,328,487"
E:\ANPR\video_images\video8_880.jpg,E:\ANPR\video_images\video8_880.xml,video8_880.jpg,1022,1080,PascalVOC_BBox_Text,OK,"MH01BT0050|160,498,371,577"
E:\ANPR\video_images\video8_890.jpg,E:\ANPR\video_images\video8_890.xml,video8_890.jpg,1373,1080,PascalVOC_BBox_Text,OK,"MH01BT0050|168,559,409,672"
E:\ANPR\video_images\video8_920.jpg,E:\ANPR\video_images\video8_920.xml,video8_920.jpg,717,591,PascalVOC_BBox_Text,OK,"MH038C6247|69,455,181,498"
E:\ANPR\video_images\video8_930.jpg,E:\ANPR\video_images\video8_930.xml,video8_930.jpg,339,614,PascalVOC_BBox_Text,OK,"MH02CD7733|102,461,198,494"
E:\ANPR\video_images\video8_940.jpg,E:\ANPR\video_images\video8_940.xml,video8_940.jpg,357,635,PascalVOC_BBox_Text,OK,"MH02CD7733|105,498,216,538"
E:\ANPR\video_images\video8_950.jpg,E:\ANPR\video_images\video8_950.xml,video8_950.jpg,454,590,PascalVOC_BBox_Text,OK,"MH04CT3566|104,359,189,381"
E:\ANPR\video_images\video8_960.jpg,E:\ANPR\video_images\video8_960.xml,video8_960.jpg,638,581,PascalVOC_BBox_Text,OK,"MH04CT3566|107,381,206,409"
E:\ANPR\video_images\video8_970.jpg,E:\ANPR\video_images\video8_970.xml,video8_970.jpg,770,1080,PascalVOC_BBox_Text,OK,"MH04CT3566|114,410,223,455"
E:\ANPR\video_images\video8_980.jpg,E:\ANPR\video_images\video8_980.xml,video8_980.jpg,1078,1080,PascalVOC_BBox_Text,OK,"MH04CT3566|208,444,326,497"
E:\ANPR\video_images\video9_100.jpg,E:\ANPR\video_images\video9_100.xml,video9_100.jpg,776,1080,PascalVOC_BBox_Text,OK,"MH01DT1917|353,323,692,401"
E:\ANPR\video_images\video9_110.jpg,E:\ANPR\video_images\video9_110.xml,video9_110.jpg,1069,1080,PascalVOC_BBox_Text,OK,"MH01DT1917|705,290,1021,363"
E:\ANPR\video_images\video9_120.jpg,E:\ANPR\video_images\video9_120.xml,video9_120.jpg,1418,1080,PascalVOC_BBox_Text,OK,"MH01DT1917|1001,284,1294,358"
E:\ANPR\video_images\video9_130.jpg,E:\ANPR\video_images\video9_130.xml,video9_130.jpg,1551,1079,PascalVOC_BBox_Text,OK,"MH01DT1917|1000,274,1283,348"
E:\ANPR\video_images\video9_140.jpg,E:\ANPR\video_images\video9_140.xml,video9_140.jpg,1239,800,PascalVOC_BBox_Text,OK,"MH01DT1917|858,256,1116,320"
E:\ANPR\video_images\video9_150.jpg,E:\ANPR\video_images\video9_150.xml,video9_150.jpg,889,660,PascalVOC_BBox_Text,OK,"MH01DT1917|340,235,569,307"
E:\ANPR\video_images\video9_260.jpg,E:\ANPR\video_images\video9_260.xml,video9_260.jpg,1920,1080,PascalVOC_BBox_Text,OK,"MH02FN2783|1,351,696,523"
E:\ANPR\video_images\video9_270.jpg,E:\ANPR\video_images\video9_270.xml,video9_270.jpg,1920,1080,PascalVOC_BBox_Text,OK,"MH02FN2783|354,304,1009,482"
E:\ANPR\video_images\video9_280.jpg,E:\ANPR\video_images\video9_280.xml,video9_280.jpg,1920,1080,PascalVOC_BBox_Text,OK,"MH02FN2783|650,250,1254,413"
E:\ANPR\video_images\video9_290.jpg,E:\ANPR\video_images\video9_290.xml,video9_290.jpg,1920,1080,PascalVOC_BBox_Text,OK,"MH02FN2783|904,159,1457,313"
E:\ANPR\video_images\video9_300.jpg,E:\ANPR\video_images\video9_300.xml,video9_300.jpg,263,516,PascalVOC_BBox_Text,OK,"MH48AW0091|46,301,256,381"
E:\ANPR\video_images\video9_310.jpg,E:\ANPR\video_images\video9_310.xml,video9_310.jpg,732,265,PascalVOC_BBox_Text,OK,"MH02FN2783|69,3,546,98"
E:\ANPR\video_images\video9_350.jpg,E:\ANPR\video_images\video9_350.xml,video9_350.jpg,1375,746,PascalVOC_BBox_Text,OK,"MH02FN2783|757,57,1064,144"
E:\ANPR\video_images\video9_360.jpg,E:\ANPR\video_images\video9_360.xml,video9_360.jpg,1920,1080,PascalVOC_BBox_Text,OK,"MH02FN2783|1259,299,1536,372"
E:\ANPR\video_images\video9_370.jpg,E:\ANPR\video_images\video9_370.xml,video9_370.jpg,1920,1080,PascalVOC_BBox_Text,OK,"MH02FN2783|1492,640,1746,715"
E:\ANPR\video_images\video9_390.jpg,E:\ANPR\video_images\video9_390.xml,video9_390.jpg,1920,1080,PascalVOC_BBox_Text,OK,"MH02FN2783|1313,186,1538,253"
E:\ANPR\video_images\video9_40.jpg,E:\ANPR\video_images\video9_40.xml,video9_40.jpg,1920,1080,PascalVOC_BBox_Text,OK,"MH01DT1917|1028,329,1663,487"
E:\ANPR\video_images\video9_70.jpg,E:\ANPR\video_images\video9_70.xml,video9_70.jpg,1920,1080,PascalVOC_BBox_Text,OK,"MH01DT1917|1463,147,1878,254"
E:\ANPR\video_images\video9_80.jpg,E:\ANPR\video_images\video9_80.xml,video9_80.jpg,1738,1032,PascalVOC_BBox_Text,OK,"MH01DT1917|1227,243,1607,337"
E:\ANPR\video_images\video9_90.jpg,E:\ANPR\video_images\video9_90.xml,video9_90.jpg,892,1077,PascalVOC_BBox_Text,OK,"MH01DT1917|472,335,831,419"
E:\ANPR\video_images\video_15.jpg,E:\ANPR\video_images\video_15.xml,video_15.jpg,924,526,PascalVOC_BBox_Text,OK,"MH01CP2655|376,62,846,234"
